"","start_week","week_num","year","age_group","n"
"1",2018-12-31,1,2019,"5-17",1
"2",2018-12-31,1,2019,"18-49",1
"3",2019-01-07,2,2019,"<1",5
"4",2019-01-07,2,2019,"1-4",8
"5",2019-01-07,2,2019,"5-17",9
"6",2019-01-07,2,2019,"18-49",1
"7",2019-01-07,2,2019,"50-64",1
"8",2019-01-07,2,2019,"65+",1
"9",2019-01-14,3,2019,"<1",4
"10",2019-01-14,3,2019,"1-4",6
"11",2019-01-14,3,2019,"5-17",9
"12",2019-01-14,3,2019,"18-49",1
"13",2019-01-14,3,2019,"50-64",1
"14",2019-01-14,3,2019,"65+",3
"15",2019-01-21,4,2019,"<1",4
"16",2019-01-21,4,2019,"1-4",11
"17",2019-01-21,4,2019,"5-17",7
"18",2019-01-21,4,2019,"18-49",2
"19",2019-01-21,4,2019,"50-64",1
"20",2019-01-21,4,2019,"65+",3
"21",2019-01-28,5,2019,"<1",6
"22",2019-01-28,5,2019,"1-4",7
"23",2019-01-28,5,2019,"5-17",6
"24",2019-01-28,5,2019,"18-49",1
"25",2019-01-28,5,2019,"50-64",1
"26",2019-01-28,5,2019,"65+",1
"27",2019-02-04,6,2019,"<1",3
"28",2019-02-04,6,2019,"1-4",10
"29",2019-02-04,6,2019,"5-17",12
"30",2019-02-04,6,2019,"18-49",4
"31",2019-02-11,7,2019,"<1",5
"32",2019-02-11,7,2019,"1-4",7
"33",2019-02-11,7,2019,"5-17",7
"34",2019-02-11,7,2019,"18-49",5
"35",2019-02-11,7,2019,"50-64",1
"36",2019-02-18,8,2019,"<1",17
"37",2019-02-18,8,2019,"1-4",23
"38",2019-02-18,8,2019,"5-17",16
"39",2019-02-18,8,2019,"18-49",7
"40",2019-02-18,8,2019,"50-64",1
"41",2019-02-18,8,2019,"65+",2
"42",2019-02-25,9,2019,"<1",18
"43",2019-02-25,9,2019,"1-4",21
"44",2019-02-25,9,2019,"5-17",34
"45",2019-02-25,9,2019,"18-49",14
"46",2019-02-25,9,2019,"50-64",3
"47",2019-02-25,9,2019,"65+",5
"48",2019-03-04,10,2019,"<1",45
"49",2019-03-04,10,2019,"1-4",38
"50",2019-03-04,10,2019,"5-17",33
"51",2019-03-04,10,2019,"18-49",10
"52",2019-03-04,10,2019,"50-64",3
"53",2019-03-04,10,2019,"65+",4
"54",2019-03-11,11,2019,"<1",50
"55",2019-03-11,11,2019,"1-4",39
"56",2019-03-11,11,2019,"5-17",49
"57",2019-03-11,11,2019,"18-49",21
"58",2019-03-11,11,2019,"50-64",5
"59",2019-03-11,11,2019,"65+",3
"60",2019-03-18,12,2019,"<1",44
"61",2019-03-18,12,2019,"1-4",71
"62",2019-03-18,12,2019,"5-17",65
"63",2019-03-18,12,2019,"18-49",21
"64",2019-03-18,12,2019,"50-64",3
"65",2019-03-18,12,2019,"65+",11
"66",2019-03-25,13,2019,"<1",81
"67",2019-03-25,13,2019,"1-4",50
"68",2019-03-25,13,2019,"5-17",68
"69",2019-03-25,13,2019,"18-49",14
"70",2019-03-25,13,2019,"50-64",1
"71",2019-03-25,13,2019,"65+",4
"72",2019-04-01,14,2019,"<1",73
"73",2019-04-01,14,2019,"1-4",67
"74",2019-04-01,14,2019,"5-17",81
"75",2019-04-01,14,2019,"18-49",29
"76",2019-04-01,14,2019,"65+",6
"77",2019-04-08,15,2019,"<1",93
"78",2019-04-08,15,2019,"1-4",82
"79",2019-04-08,15,2019,"5-17",110
"80",2019-04-08,15,2019,"18-49",35
"81",2019-04-08,15,2019,"50-64",10
"82",2019-04-08,15,2019,"65+",7
"83",2019-04-15,16,2019,"<1",57
"84",2019-04-15,16,2019,"1-4",75
"85",2019-04-15,16,2019,"5-17",83
"86",2019-04-15,16,2019,"18-49",32
"87",2019-04-15,16,2019,"50-64",3
"88",2019-04-15,16,2019,"65+",10
"89",2019-04-22,17,2019,"<1",78
"90",2019-04-22,17,2019,"1-4",99
"91",2019-04-22,17,2019,"5-17",102
"92",2019-04-22,17,2019,"18-49",34
"93",2019-04-22,17,2019,"50-64",6
"94",2019-04-22,17,2019,"65+",11
"95",2019-04-29,18,2019,"<1",74
"96",2019-04-29,18,2019,"1-4",73
"97",2019-04-29,18,2019,"5-17",104
"98",2019-04-29,18,2019,"18-49",27
"99",2019-04-29,18,2019,"50-64",7
"100",2019-04-29,18,2019,"65+",12
"101",2019-05-06,19,2019,"<1",88
"102",2019-05-06,19,2019,"1-4",87
"103",2019-05-06,19,2019,"5-17",90
"104",2019-05-06,19,2019,"18-49",24
"105",2019-05-06,19,2019,"50-64",7
"106",2019-05-06,19,2019,"65+",16
"107",2019-05-13,20,2019,"<1",91
"108",2019-05-13,20,2019,"1-4",90
"109",2019-05-13,20,2019,"5-17",70
"110",2019-05-13,20,2019,"18-49",30
"111",2019-05-13,20,2019,"50-64",8
"112",2019-05-13,20,2019,"65+",10
"113",2019-05-20,21,2019,"<1",77
"114",2019-05-20,21,2019,"1-4",70
"115",2019-05-20,21,2019,"5-17",73
"116",2019-05-20,21,2019,"18-49",27
"117",2019-05-20,21,2019,"50-64",4
"118",2019-05-20,21,2019,"65+",11
"119",2019-05-27,22,2019,"<1",65
"120",2019-05-27,22,2019,"1-4",73
"121",2019-05-27,22,2019,"5-17",67
"122",2019-05-27,22,2019,"18-49",28
"123",2019-05-27,22,2019,"50-64",11
"124",2019-05-27,22,2019,"65+",20
"125",2019-06-03,23,2019,"<1",59
"126",2019-06-03,23,2019,"1-4",45
"127",2019-06-03,23,2019,"5-17",57
"128",2019-06-03,23,2019,"18-49",20
"129",2019-06-03,23,2019,"50-64",12
"130",2019-06-03,23,2019,"65+",15
"131",2019-06-10,24,2019,"<1",54
"132",2019-06-10,24,2019,"1-4",45
"133",2019-06-10,24,2019,"5-17",59
"134",2019-06-10,24,2019,"18-49",13
"135",2019-06-10,24,2019,"50-64",5
"136",2019-06-10,24,2019,"65+",10
"137",2019-06-17,25,2019,"<1",40
"138",2019-06-17,25,2019,"1-4",38
"139",2019-06-17,25,2019,"5-17",35
"140",2019-06-17,25,2019,"18-49",16
"141",2019-06-17,25,2019,"50-64",4
"142",2019-06-17,25,2019,"65+",10
"143",2019-06-24,26,2019,"<1",39
"144",2019-06-24,26,2019,"1-4",35
"145",2019-06-24,26,2019,"5-17",31
"146",2019-06-24,26,2019,"18-49",14
"147",2019-06-24,26,2019,"50-64",5
"148",2019-06-24,26,2019,"65+",6
"149",2019-07-01,27,2019,"<1",27
"150",2019-07-01,27,2019,"1-4",18
"151",2019-07-01,27,2019,"5-17",30
"152",2019-07-01,27,2019,"18-49",7
"153",2019-07-01,27,2019,"50-64",6
"154",2019-07-01,27,2019,"65+",9
"155",2019-07-08,28,2019,"<1",22
"156",2019-07-08,28,2019,"1-4",21
"157",2019-07-08,28,2019,"5-17",16
"158",2019-07-08,28,2019,"18-49",4
"159",2019-07-08,28,2019,"50-64",4
"160",2019-07-08,28,2019,"65+",6
"161",2019-07-15,29,2019,"<1",14
"162",2019-07-15,29,2019,"1-4",22
"163",2019-07-15,29,2019,"5-17",15
"164",2019-07-15,29,2019,"65+",5
"165",2019-07-22,30,2019,"<1",9
"166",2019-07-22,30,2019,"1-4",20
"167",2019-07-22,30,2019,"5-17",12
"168",2019-07-22,30,2019,"18-49",3
"169",2019-07-22,30,2019,"50-64",1
"170",2019-07-22,30,2019,"65+",2
"171",2019-07-29,31,2019,"<1",6
"172",2019-07-29,31,2019,"1-4",8
"173",2019-07-29,31,2019,"5-17",6
"174",2019-07-29,31,2019,"18-49",2
"175",2019-07-29,31,2019,"50-64",1
"176",2019-08-05,32,2019,"<1",10
"177",2019-08-05,32,2019,"1-4",9
"178",2019-08-05,32,2019,"5-17",8
"179",2019-08-05,32,2019,"18-49",6
"180",2019-08-05,32,2019,"65+",2
"181",2019-08-12,33,2019,"<1",5
"182",2019-08-12,33,2019,"1-4",6
"183",2019-08-12,33,2019,"5-17",9
"184",2019-08-12,33,2019,"65+",4
"185",2019-08-19,34,2019,"<1",5
"186",2019-08-19,34,2019,"1-4",5
"187",2019-08-19,34,2019,"5-17",9
"188",2019-08-19,34,2019,"65+",1
"189",2019-08-26,35,2019,"<1",4
"190",2019-08-26,35,2019,"1-4",4
"191",2019-08-26,35,2019,"5-17",4
"192",2019-08-26,35,2019,"18-49",2
"193",2019-08-26,35,2019,"65+",2
"194",2019-09-02,36,2019,"<1",3
"195",2019-09-02,36,2019,"1-4",3
"196",2019-09-02,36,2019,"5-17",2
"197",2019-09-02,36,2019,"18-49",2
"198",2019-09-02,36,2019,"50-64",1
"199",2019-09-09,37,2019,"<1",2
"200",2019-09-09,37,2019,"1-4",1
"201",2019-09-09,37,2019,"5-17",2
"202",2019-09-09,37,2019,"65+",1
"203",2019-09-16,38,2019,"<1",1
"204",2019-09-16,38,2019,"1-4",3
"205",2019-09-16,38,2019,"5-17",2
"206",2019-09-16,38,2019,"18-49",1
"207",2019-09-23,39,2019,"5-17",1
"208",2019-09-23,39,2019,"65+",1
"209",2019-09-30,40,2019,"<1",1
"210",2019-09-30,40,2019,"1-4",1
"211",2019-09-30,40,2019,"5-17",2
"212",2019-10-07,41,2019,"<1",1
"213",2019-10-07,41,2019,"5-17",3
"214",2019-10-14,42,2019,"<1",2
"215",2019-10-14,42,2019,"1-4",1
"216",2019-10-14,42,2019,"5-17",2
"217",2019-10-14,42,2019,"50-64",1
"218",2019-10-21,43,2019,"1-4",1
"219",2019-10-21,43,2019,"5-17",1
"220",2019-10-28,44,2019,"<1",2
"221",2019-10-28,44,2019,"1-4",1
"222",2019-10-28,44,2019,"5-17",2
"223",2019-11-04,45,2019,"<1",2
"224",2019-11-04,45,2019,"1-4",2
"225",2019-11-04,45,2019,"5-17",4
"226",2019-11-11,46,2019,"1-4",1
"227",2019-11-11,46,2019,"5-17",2
"228",2019-11-18,47,2019,"<1",2
"229",2019-11-18,47,2019,"1-4",1
"230",2019-11-18,47,2019,"5-17",1
"231",2019-12-02,49,2019,"5-17",1
"232",2019-12-09,50,2019,"<1",1
"233",2019-12-09,50,2019,"5-17",3
"234",2019-12-09,50,2019,"50-64",1
"235",2019-12-16,51,2019,"<1",3
"236",2019-12-16,51,2019,"5-17",3
"237",2019-12-23,52,2019,"<1",1
"238",2019-12-23,52,2019,"1-4",1
"239",2019-12-23,52,2019,"5-17",3
"240",2019-12-30,1,2020,"<1",2
"241",2019-12-30,1,2020,"1-4",3
"242",2019-12-30,1,2020,"5-17",2
"243",2020-01-06,2,2020,"<1",2
"244",2020-01-06,2,2020,"1-4",1
"245",2020-01-06,2,2020,"5-17",1
"246",2020-01-13,3,2020,"<1",2
"247",2020-01-13,3,2020,"1-4",4
"248",2020-01-20,4,2020,"<1",1
"249",2020-01-20,4,2020,"1-4",1
"250",2020-01-20,4,2020,"65+",1
"251",2020-01-27,5,2020,"<1",1
"252",2020-01-27,5,2020,"1-4",2
"253",2020-02-03,6,2020,"<1",3
"254",2020-02-03,6,2020,"1-4",1
"255",2020-02-03,6,2020,"5-17",4
"256",2020-02-10,7,2020,"<1",2
"257",2020-02-10,7,2020,"1-4",3
"258",2020-02-10,7,2020,"5-17",1
"259",2020-02-10,7,2020,"50-64",1
"260",2020-02-17,8,2020,"<1",5
"261",2020-02-17,8,2020,"5-17",4
"262",2020-02-17,8,2020,"18-49",1
"263",2020-02-24,9,2020,"<1",9
"264",2020-02-24,9,2020,"1-4",5
"265",2020-02-24,9,2020,"5-17",13
"266",2020-02-24,9,2020,"18-49",1
"267",2020-02-24,9,2020,"65+",1
"268",2020-03-02,10,2020,"<1",6
"269",2020-03-02,10,2020,"1-4",9
"270",2020-03-02,10,2020,"5-17",12
"271",2020-03-02,10,2020,"65+",2
"272",2020-03-09,11,2020,"<1",16
"273",2020-03-09,11,2020,"1-4",15
"274",2020-03-09,11,2020,"5-17",15
"275",2020-03-09,11,2020,"18-49",2
"276",2020-03-09,11,2020,"50-64",1
"277",2020-03-16,12,2020,"<1",28
"278",2020-03-16,12,2020,"1-4",27
"279",2020-03-16,12,2020,"5-17",22
"280",2020-03-16,12,2020,"18-49",2
"281",2020-03-16,12,2020,"50-64",2
"282",2020-03-16,12,2020,"65+",7
"283",2020-03-23,13,2020,"<1",48
"284",2020-03-23,13,2020,"1-4",46
"285",2020-03-23,13,2020,"5-17",46
"286",2020-03-23,13,2020,"18-49",11
"287",2020-03-23,13,2020,"50-64",4
"288",2020-03-23,13,2020,"65+",4
"289",2020-03-30,14,2020,"<1",24
"290",2020-03-30,14,2020,"1-4",23
"291",2020-03-30,14,2020,"5-17",39
"292",2020-03-30,14,2020,"18-49",18
"293",2020-03-30,14,2020,"50-64",5
"294",2020-03-30,14,2020,"65+",7
"295",2020-04-06,15,2020,"<1",23
"296",2020-04-06,15,2020,"1-4",20
"297",2020-04-06,15,2020,"5-17",19
"298",2020-04-06,15,2020,"18-49",7
"299",2020-04-06,15,2020,"50-64",1
"300",2020-04-06,15,2020,"65+",6
"301",2020-04-13,16,2020,"<1",5
"302",2020-04-13,16,2020,"1-4",8
"303",2020-04-13,16,2020,"5-17",10
"304",2020-04-13,16,2020,"18-49",2
"305",2020-04-20,17,2020,"<1",2
"306",2020-04-20,17,2020,"1-4",10
"307",2020-04-20,17,2020,"5-17",4
"308",2020-04-20,17,2020,"50-64",1
"309",2020-04-20,17,2020,"65+",1
"310",2020-04-27,18,2020,"<1",2
"311",2020-04-27,18,2020,"1-4",2
"312",2020-04-27,18,2020,"5-17",2
"313",2020-04-27,18,2020,"18-49",1
"314",2020-05-04,19,2020,"<1",12
"315",2020-05-04,19,2020,"1-4",7
"316",2020-05-04,19,2020,"5-17",5
"317",2020-05-04,19,2020,"18-49",1
"318",2020-05-04,19,2020,"50-64",2
"319",2020-05-04,19,2020,"65+",2
"320",2020-05-11,20,2020,"<1",3
"321",2020-05-11,20,2020,"1-4",6
"322",2020-05-11,20,2020,"18-49",3
"323",2020-05-11,20,2020,"65+",1
"324",2020-05-18,21,2020,"<1",5
"325",2020-05-18,21,2020,"1-4",4
"326",2020-05-18,21,2020,"5-17",3
"327",2020-05-18,21,2020,"18-49",1
"328",2020-05-18,21,2020,"50-64",2
"329",2020-05-25,22,2020,"<1",3
"330",2020-05-25,22,2020,"1-4",2
"331",2020-05-25,22,2020,"5-17",1
"332",2020-05-25,22,2020,"18-49",2
"333",2020-05-25,22,2020,"50-64",4
"334",2020-05-25,22,2020,"65+",1
"335",2020-06-01,23,2020,"<1",2
"336",2020-06-01,23,2020,"1-4",3
"337",2020-06-01,23,2020,"5-17",5
"338",2020-06-01,23,2020,"18-49",1
"339",2020-06-01,23,2020,"50-64",1
"340",2020-06-01,23,2020,"65+",2
"341",2020-06-08,24,2020,"1-4",2
"342",2020-06-08,24,2020,"5-17",2
"343",2020-06-08,24,2020,"50-64",1
"344",2020-06-08,24,2020,"65+",1
"345",2020-06-15,25,2020,"<1",3
"346",2020-06-15,25,2020,"1-4",2
"347",2020-06-15,25,2020,"5-17",1
"348",2020-06-15,25,2020,"65+",1
"349",2020-06-22,26,2020,"<1",2
"350",2020-06-22,26,2020,"1-4",3
"351",2020-06-22,26,2020,"5-17",1
"352",2020-06-22,26,2020,"18-49",1
"353",2020-06-22,26,2020,"50-64",1
"354",2020-06-29,27,2020,"<1",2
"355",2020-06-29,27,2020,"1-4",3
"356",2020-06-29,27,2020,"65+",1
"357",2020-07-06,28,2020,"<1",3
"358",2020-07-06,28,2020,"1-4",1
"359",2020-07-06,28,2020,"5-17",3
"360",2020-07-06,28,2020,"18-49",4
"361",2020-07-06,28,2020,"65+",2
"362",2020-07-13,29,2020,"<1",2
"363",2020-07-13,29,2020,"1-4",3
"364",2020-07-13,29,2020,"5-17",2
"365",2020-07-13,29,2020,"18-49",1
"366",2020-07-13,29,2020,"65+",1
"367",2020-07-20,30,2020,"<1",2
"368",2020-07-20,30,2020,"1-4",3
"369",2020-07-20,30,2020,"5-17",2
"370",2020-07-20,30,2020,"18-49",2
"371",2020-07-20,30,2020,"50-64",1
"372",2020-07-27,31,2020,"<1",1
"373",2020-07-27,31,2020,"1-4",1
"374",2020-07-27,31,2020,"5-17",2
"375",2020-07-27,31,2020,"50-64",1
"376",2020-08-03,32,2020,"<1",1
"377",2020-08-03,32,2020,"1-4",3
"378",2020-08-03,32,2020,"65+",1
"379",2020-08-10,33,2020,"<1",1
"380",2020-08-10,33,2020,"1-4",1
"381",2020-08-10,33,2020,"5-17",2
"382",2020-08-10,33,2020,"18-49",2
"383",2020-08-17,34,2020,"<1",3
"384",2020-08-17,34,2020,"1-4",5
"385",2020-08-17,34,2020,"5-17",1
"386",2020-08-17,34,2020,"50-64",2
"387",2020-08-17,34,2020,"65+",4
"388",2020-08-24,35,2020,"<1",3
"389",2020-08-24,35,2020,"1-4",1
"390",2020-08-24,35,2020,"5-17",1
"391",2020-08-24,35,2020,"18-49",5
"392",2020-08-24,35,2020,"50-64",1
"393",2020-08-24,35,2020,"65+",1
"394",2020-08-31,36,2020,"<1",4
"395",2020-08-31,36,2020,"1-4",1
"396",2020-08-31,36,2020,"5-17",1
"397",2020-08-31,36,2020,"65+",3
"398",2020-09-07,37,2020,"<1",1
"399",2020-09-07,37,2020,"1-4",1
"400",2020-09-07,37,2020,"65+",1
"401",2020-09-14,38,2020,"<1",2
"402",2020-09-14,38,2020,"5-17",3
"403",2020-09-14,38,2020,"50-64",1
"404",2020-09-21,39,2020,"<1",2
"405",2020-09-21,39,2020,"1-4",2
"406",2020-09-21,39,2020,"5-17",1
"407",2020-09-28,40,2020,"<1",5
"408",2020-09-28,40,2020,"1-4",6
"409",2020-09-28,40,2020,"5-17",4
"410",2020-09-28,40,2020,"18-49",1
"411",2020-09-28,40,2020,"65+",2
"412",2020-10-05,41,2020,"<1",2
"413",2020-10-05,41,2020,"1-4",5
"414",2020-10-05,41,2020,"5-17",4
"415",2020-10-05,41,2020,"18-49",2
"416",2020-10-05,41,2020,"65+",1
"417",2020-10-12,42,2020,"<1",3
"418",2020-10-12,42,2020,"1-4",6
"419",2020-10-12,42,2020,"5-17",3
"420",2020-10-19,43,2020,"<1",4
"421",2020-10-19,43,2020,"1-4",3
"422",2020-10-19,43,2020,"5-17",9
"423",2020-10-19,43,2020,"65+",1
"424",2020-10-26,44,2020,"<1",1
"425",2020-10-26,44,2020,"1-4",5
"426",2020-10-26,44,2020,"5-17",6
"427",2020-10-26,44,2020,"65+",3
"428",2020-11-02,45,2020,"<1",13
"429",2020-11-02,45,2020,"1-4",4
"430",2020-11-02,45,2020,"5-17",6
"431",2020-11-02,45,2020,"18-49",1
"432",2020-11-02,45,2020,"50-64",1
"433",2020-11-02,45,2020,"65+",1
"434",2020-11-09,46,2020,"<1",8
"435",2020-11-09,46,2020,"1-4",15
"436",2020-11-09,46,2020,"5-17",13
"437",2020-11-09,46,2020,"50-64",1
"438",2020-11-16,47,2020,"<1",8
"439",2020-11-16,47,2020,"1-4",8
"440",2020-11-16,47,2020,"5-17",9
"441",2020-11-16,47,2020,"18-49",1
"442",2020-11-16,47,2020,"50-64",1
"443",2020-11-23,48,2020,"<1",11
"444",2020-11-23,48,2020,"1-4",8
"445",2020-11-23,48,2020,"5-17",8
"446",2020-11-23,48,2020,"65+",4
"447",2020-11-30,49,2020,"<1",9
"448",2020-11-30,49,2020,"1-4",7
"449",2020-11-30,49,2020,"5-17",7
"450",2020-11-30,49,2020,"18-49",1
"451",2020-11-30,49,2020,"65+",2
"452",2020-12-07,50,2020,"<1",10
"453",2020-12-07,50,2020,"1-4",14
"454",2020-12-07,50,2020,"5-17",6
"455",2020-12-07,50,2020,"18-49",1
"456",2020-12-07,50,2020,"50-64",2
"457",2020-12-07,50,2020,"65+",3
"458",2020-12-14,51,2020,"<1",3
"459",2020-12-14,51,2020,"1-4",9
"460",2020-12-14,51,2020,"5-17",4
"461",2020-12-14,51,2020,"18-49",2
"462",2020-12-14,51,2020,"50-64",3
"463",2020-12-14,51,2020,"65+",1
"464",2020-12-21,52,2020,"<1",6
"465",2020-12-21,52,2020,"1-4",10
"466",2020-12-21,52,2020,"5-17",9
"467",2020-12-21,52,2020,"18-49",1
"468",2020-12-21,52,2020,"50-64",1
"469",2020-12-28,53,2020,"<1",12
"470",2020-12-28,53,2020,"1-4",11
"471",2020-12-28,53,2020,"5-17",14
"472",2020-12-28,53,2020,"18-49",10
"473",2020-12-28,53,2020,"50-64",4
"474",2020-12-28,53,2020,"65+",5
"475",2021-01-04,1,2021,"<1",6
"476",2021-01-04,1,2021,"1-4",8
"477",2021-01-04,1,2021,"5-17",9
"478",2021-01-04,1,2021,"18-49",2
"479",2021-01-04,1,2021,"50-64",1
"480",2021-01-04,1,2021,"65+",3
"481",2021-01-04,NA,NA,"<1",5
"482",2021-01-04,NA,NA,"1-4",12
"483",2021-01-04,NA,NA,"5-17",5
"484",2021-01-11,2,2021,"<1",3
"485",2021-01-11,2,2021,"1-4",2
"486",2021-01-11,2,2021,"5-17",2
"487",2021-01-11,NA,NA,"<1",22
"488",2021-01-11,NA,NA,"1-4",17
"489",2021-01-11,NA,NA,"5-17",13
"490",2021-01-11,NA,NA,"18-49",2
"491",2021-01-11,NA,NA,"50-64",4
"492",2021-01-11,NA,NA,"65+",2
"493",2021-01-18,NA,NA,"<1",39
"494",2021-01-18,NA,NA,"1-4",34
"495",2021-01-18,NA,NA,"5-17",24
"496",2021-01-18,NA,NA,"18-49",2
"497",2021-01-18,NA,NA,"50-64",1
"498",2021-01-18,NA,NA,"65+",4
"499",2021-01-25,4,2021,"65+",1
"500",2021-01-25,NA,NA,"<1",29
"501",2021-01-25,NA,NA,"1-4",35
"502",2021-01-25,NA,NA,"5-17",34
"503",2021-01-25,NA,NA,"18-49",2
"504",2021-01-25,NA,NA,"50-64",1
"505",2021-01-25,NA,NA,"65+",3
"506",2021-02-01,5,2021,"5-17",1
"507",2021-02-01,NA,NA,"<1",40
"508",2021-02-01,NA,NA,"1-4",45
"509",2021-02-01,NA,NA,"5-17",34
"510",2021-02-01,NA,NA,"18-49",4
"511",2021-02-01,NA,NA,"50-64",1
"512",2021-02-01,NA,NA,"65+",5
"513",2021-02-08,NA,NA,"<1",58
"514",2021-02-08,NA,NA,"1-4",53
"515",2021-02-08,NA,NA,"5-17",58
"516",2021-02-08,NA,NA,"18-49",6
"517",2021-02-08,NA,NA,"50-64",2
"518",2021-02-08,NA,NA,"65+",5
"519",2021-02-15,NA,NA,"<1",51
"520",2021-02-15,NA,NA,"1-4",52
"521",2021-02-15,NA,NA,"5-17",50
"522",2021-02-15,NA,NA,"18-49",3
"523",2021-02-15,NA,NA,"50-64",3
"524",2021-02-15,NA,NA,"65+",1
"525",2021-02-22,NA,NA,"<1",55
"526",2021-02-22,NA,NA,"1-4",72
"527",2021-02-22,NA,NA,"5-17",83
"528",2021-02-22,NA,NA,"18-49",10
"529",2021-02-22,NA,NA,"50-64",2
"530",2021-02-22,NA,NA,"65+",2
"531",2021-03-01,9,2021,"5-17",1
"532",2021-03-01,NA,NA,"<1",65
"533",2021-03-01,NA,NA,"1-4",101
"534",2021-03-01,NA,NA,"5-17",84
"535",2021-03-01,NA,NA,"18-49",11
"536",2021-03-01,NA,NA,"50-64",5
"537",2021-03-01,NA,NA,"65+",5
"538",2021-03-08,NA,NA,"<1",96
"539",2021-03-08,NA,NA,"1-4",111
"540",2021-03-08,NA,NA,"5-17",84
"541",2021-03-08,NA,NA,"18-49",4
"542",2021-03-08,NA,NA,"50-64",3
"543",2021-03-08,NA,NA,"65+",7
"544",2021-03-15,NA,NA,"<1",108
"545",2021-03-15,NA,NA,"1-4",167
"546",2021-03-15,NA,NA,"5-17",96
"547",2021-03-15,NA,NA,"18-49",6
"548",2021-03-15,NA,NA,"50-64",4
"549",2021-03-15,NA,NA,"65+",2
"550",2021-03-15,NA,NA,NA,1
"551",2021-03-22,NA,NA,"<1",97
"552",2021-03-22,NA,NA,"1-4",115
"553",2021-03-22,NA,NA,"5-17",114
"554",2021-03-22,NA,NA,"18-49",8
"555",2021-03-22,NA,NA,"50-64",3
"556",2021-03-22,NA,NA,"65+",11
"557",2021-03-29,NA,NA,"<1",84
"558",2021-03-29,NA,NA,"1-4",98
"559",2021-03-29,NA,NA,"5-17",91
"560",2021-03-29,NA,NA,"18-49",8
"561",2021-03-29,NA,NA,"50-64",6
"562",2021-03-29,NA,NA,"65+",6
"563",2021-04-05,14,2021,"1-4",1
"564",2021-04-05,14,2021,"5-17",1
"565",2021-04-05,NA,NA,"<1",68
"566",2021-04-05,NA,NA,"1-4",112
"567",2021-04-05,NA,NA,"5-17",92
"568",2021-04-05,NA,NA,"18-49",14
"569",2021-04-05,NA,NA,"50-64",2
"570",2021-04-05,NA,NA,"65+",3
"571",2021-04-12,NA,NA,"<1",75
"572",2021-04-12,NA,NA,"1-4",93
"573",2021-04-12,NA,NA,"5-17",67
"574",2021-04-12,NA,NA,"18-49",7
"575",2021-04-12,NA,NA,"50-64",2
"576",2021-04-12,NA,NA,"65+",7
"577",2021-04-19,NA,NA,"<1",70
"578",2021-04-19,NA,NA,"1-4",103
"579",2021-04-19,NA,NA,"5-17",61
"580",2021-04-19,NA,NA,"18-49",5
"581",2021-04-19,NA,NA,"65+",9
"582",2021-04-26,NA,NA,"<1",72
"583",2021-04-26,NA,NA,"1-4",95
"584",2021-04-26,NA,NA,"5-17",66
"585",2021-04-26,NA,NA,"18-49",8
"586",2021-04-26,NA,NA,"50-64",5
"587",2021-04-26,NA,NA,"65+",4
"588",2021-05-03,NA,NA,"<1",59
"589",2021-05-03,NA,NA,"1-4",68
"590",2021-05-03,NA,NA,"5-17",67
"591",2021-05-03,NA,NA,"18-49",8
"592",2021-05-03,NA,NA,"50-64",2
"593",2021-05-03,NA,NA,"65+",5
"594",2021-05-10,NA,NA,"<1",50
"595",2021-05-10,NA,NA,"1-4",91
"596",2021-05-10,NA,NA,"5-17",59
"597",2021-05-10,NA,NA,"18-49",4
"598",2021-05-10,NA,NA,"50-64",5
"599",2021-05-10,NA,NA,"65+",11
"600",2021-05-17,NA,NA,"<1",55
"601",2021-05-17,NA,NA,"1-4",96
"602",2021-05-17,NA,NA,"5-17",63
"603",2021-05-17,NA,NA,"18-49",9
"604",2021-05-17,NA,NA,"50-64",5
"605",2021-05-17,NA,NA,"65+",8
"606",2021-05-24,NA,NA,"<1",66
"607",2021-05-24,NA,NA,"1-4",70
"608",2021-05-24,NA,NA,"5-17",59
"609",2021-05-24,NA,NA,"18-49",12
"610",2021-05-24,NA,NA,"50-64",8
"611",2021-05-24,NA,NA,"65+",11
"612",2021-05-31,NA,NA,"<1",44
"613",2021-05-31,NA,NA,"1-4",63
"614",2021-05-31,NA,NA,"5-17",48
"615",2021-05-31,NA,NA,"18-49",8
"616",2021-05-31,NA,NA,"50-64",5
"617",2021-05-31,NA,NA,"65+",6
"618",2021-06-07,NA,NA,"<1",41
"619",2021-06-07,NA,NA,"1-4",83
"620",2021-06-07,NA,NA,"5-17",55
"621",2021-06-07,NA,NA,"18-49",4
"622",2021-06-07,NA,NA,"50-64",6
"623",2021-06-07,NA,NA,"65+",13
"624",2021-06-14,NA,NA,"<1",59
"625",2021-06-14,NA,NA,"1-4",81
"626",2021-06-14,NA,NA,"5-17",45
"627",2021-06-14,NA,NA,"18-49",4
"628",2021-06-14,NA,NA,"50-64",5
"629",2021-06-14,NA,NA,"65+",7
"630",2021-06-21,NA,NA,"<1",55
"631",2021-06-21,NA,NA,"1-4",85
"632",2021-06-21,NA,NA,"5-17",55
"633",2021-06-21,NA,NA,"18-49",6
"634",2021-06-21,NA,NA,"50-64",8
"635",2021-06-21,NA,NA,"65+",12
"636",2021-06-28,NA,NA,"<1",51
"637",2021-06-28,NA,NA,"1-4",63
"638",2021-06-28,NA,NA,"5-17",41
"639",2021-06-28,NA,NA,"18-49",9
"640",2021-06-28,NA,NA,"50-64",8
"641",2021-06-28,NA,NA,"65+",10
"642",2021-07-05,NA,NA,"<1",34
"643",2021-07-05,NA,NA,"1-4",79
"644",2021-07-05,NA,NA,"5-17",40
"645",2021-07-05,NA,NA,"18-49",4
"646",2021-07-05,NA,NA,"50-64",6
"647",2021-07-05,NA,NA,"65+",21
"648",2021-07-12,NA,NA,"<1",41
"649",2021-07-12,NA,NA,"1-4",93
"650",2021-07-12,NA,NA,"5-17",46
"651",2021-07-12,NA,NA,"18-49",4
"652",2021-07-12,NA,NA,"50-64",13
"653",2021-07-12,NA,NA,"65+",19
"654",2021-07-19,NA,NA,"<1",57
"655",2021-07-19,NA,NA,"1-4",58
"656",2021-07-19,NA,NA,"5-17",44
"657",2021-07-19,NA,NA,"18-49",4
"658",2021-07-19,NA,NA,"50-64",1
"659",2021-07-19,NA,NA,"65+",11
"660",2021-07-26,NA,NA,"<1",50
"661",2021-07-26,NA,NA,"1-4",78
"662",2021-07-26,NA,NA,"5-17",42
"663",2021-07-26,NA,NA,"18-49",8
"664",2021-07-26,NA,NA,"50-64",7
"665",2021-07-26,NA,NA,"65+",12
"666",2021-08-02,NA,NA,"<1",33
"667",2021-08-02,NA,NA,"1-4",66
"668",2021-08-02,NA,NA,"5-17",36
"669",2021-08-02,NA,NA,"18-49",11
"670",2021-08-02,NA,NA,"50-64",4
"671",2021-08-02,NA,NA,"65+",19
"672",2021-08-09,NA,NA,"<1",37
"673",2021-08-09,NA,NA,"1-4",70
"674",2021-08-09,NA,NA,"5-17",49
"675",2021-08-09,NA,NA,"18-49",6
"676",2021-08-09,NA,NA,"50-64",5
"677",2021-08-09,NA,NA,"65+",25
"678",2021-08-16,NA,NA,"<1",38
"679",2021-08-16,NA,NA,"1-4",65
"680",2021-08-16,NA,NA,"5-17",39
"681",2021-08-16,NA,NA,"18-49",7
"682",2021-08-16,NA,NA,"50-64",5
"683",2021-08-16,NA,NA,"65+",15
"684",2021-08-23,NA,NA,"<1",34
"685",2021-08-23,NA,NA,"1-4",51
"686",2021-08-23,NA,NA,"5-17",43
"687",2021-08-23,NA,NA,"18-49",5
"688",2021-08-23,NA,NA,"50-64",5
"689",2021-08-23,NA,NA,"65+",10
"690",2021-08-30,NA,NA,"<1",30
"691",2021-08-30,NA,NA,"1-4",35
"692",2021-08-30,NA,NA,"5-17",27
"693",2021-08-30,NA,NA,"18-49",12
"694",2021-08-30,NA,NA,"50-64",2
"695",2021-08-30,NA,NA,"65+",12
"696",2021-09-06,NA,NA,"<1",32
"697",2021-09-06,NA,NA,"1-4",41
"698",2021-09-06,NA,NA,"5-17",23
"699",2021-09-06,NA,NA,"18-49",12
"700",2021-09-06,NA,NA,"50-64",3
"701",2021-09-06,NA,NA,"65+",11
"702",2021-09-13,NA,NA,"<1",33
"703",2021-09-13,NA,NA,"1-4",51
"704",2021-09-13,NA,NA,"5-17",38
"705",2021-09-13,NA,NA,"18-49",1
"706",2021-09-13,NA,NA,"50-64",2
"707",2021-09-13,NA,NA,"65+",6
"708",2021-09-20,NA,NA,"<1",39
"709",2021-09-20,NA,NA,"1-4",54
"710",2021-09-20,NA,NA,"5-17",27
"711",2021-09-20,NA,NA,"18-49",2
"712",2021-09-20,NA,NA,"50-64",4
"713",2021-09-20,NA,NA,"65+",4
"714",2021-09-27,NA,NA,"<1",36
"715",2021-09-27,NA,NA,"1-4",70
"716",2021-09-27,NA,NA,"5-17",58
"717",2021-09-27,NA,NA,"18-49",8
"718",2021-09-27,NA,NA,"50-64",4
"719",2021-09-27,NA,NA,"65+",9
"720",2021-10-04,NA,NA,"<1",39
"721",2021-10-04,NA,NA,"1-4",67
"722",2021-10-04,NA,NA,"5-17",32
"723",2021-10-04,NA,NA,"18-49",3
"724",2021-10-04,NA,NA,"50-64",2
"725",2021-10-04,NA,NA,"65+",5
"726",2021-10-11,NA,NA,"<1",34
"727",2021-10-11,NA,NA,"1-4",58
"728",2021-10-11,NA,NA,"5-17",39
"729",2021-10-11,NA,NA,"18-49",3
"730",2021-10-11,NA,NA,"50-64",5
"731",2021-10-11,NA,NA,"65+",9
"732",2021-10-18,NA,NA,"<1",47
"733",2021-10-18,NA,NA,"1-4",51
"734",2021-10-18,NA,NA,"5-17",50
"735",2021-10-18,NA,NA,"18-49",4
"736",2021-10-18,NA,NA,"50-64",4
"737",2021-10-18,NA,NA,"65+",6
"738",2021-10-25,NA,NA,"<1",58
"739",2021-10-25,NA,NA,"1-4",83
"740",2021-10-25,NA,NA,"5-17",68
"741",2021-10-25,NA,NA,"18-49",8
"742",2021-10-25,NA,NA,"50-64",3
"743",2021-10-25,NA,NA,"65+",11
"744",2021-11-01,NA,NA,"<1",63
"745",2021-11-01,NA,NA,"1-4",76
"746",2021-11-01,NA,NA,"5-17",65
"747",2021-11-01,NA,NA,"18-49",7
"748",2021-11-01,NA,NA,"50-64",7
"749",2021-11-01,NA,NA,"65+",10
"750",2021-11-08,NA,NA,"<1",69
"751",2021-11-08,NA,NA,"1-4",112
"752",2021-11-08,NA,NA,"5-17",75
"753",2021-11-08,NA,NA,"18-49",1
"754",2021-11-08,NA,NA,"50-64",3
"755",2021-11-08,NA,NA,"65+",8
"756",2021-11-15,NA,NA,"<1",64
"757",2021-11-15,NA,NA,"1-4",116
"758",2021-11-15,NA,NA,"5-17",81
"759",2021-11-15,NA,NA,"18-49",5
"760",2021-11-15,NA,NA,"50-64",2
"761",2021-11-15,NA,NA,"65+",16
"762",2021-11-22,NA,NA,"<1",53
"763",2021-11-22,NA,NA,"1-4",86
"764",2021-11-22,NA,NA,"5-17",74
"765",2021-11-22,NA,NA,"18-49",6
"766",2021-11-22,NA,NA,"50-64",4
"767",2021-11-22,NA,NA,"65+",9
"768",2021-11-29,NA,NA,"<1",83
"769",2021-11-29,NA,NA,"1-4",101
"770",2021-11-29,NA,NA,"5-17",95
"771",2021-11-29,NA,NA,"18-49",10
"772",2021-11-29,NA,NA,"50-64",2
"773",2021-11-29,NA,NA,"65+",8
"774",2021-12-06,NA,NA,"<1",63
"775",2021-12-06,NA,NA,"1-4",88
"776",2021-12-06,NA,NA,"5-17",78
"777",2021-12-06,NA,NA,"18-49",6
"778",2021-12-06,NA,NA,"50-64",9
"779",2021-12-06,NA,NA,"65+",12
"780",2021-12-13,NA,NA,"<1",60
"781",2021-12-13,NA,NA,"1-4",123
"782",2021-12-13,NA,NA,"5-17",73
"783",2021-12-13,NA,NA,"18-49",4
"784",2021-12-13,NA,NA,"50-64",8
"785",2021-12-13,NA,NA,"65+",20
"786",2021-12-20,NA,NA,"<1",83
"787",2021-12-20,NA,NA,"1-4",89
"788",2021-12-20,NA,NA,"5-17",77
"789",2021-12-20,NA,NA,"18-49",15
"790",2021-12-20,NA,NA,"50-64",7
"791",2021-12-20,NA,NA,"65+",21
"792",2021-12-27,NA,NA,"<1",67
"793",2021-12-27,NA,NA,"1-4",90
"794",2021-12-27,NA,NA,"5-17",105
"795",2021-12-27,NA,NA,"18-49",17
"796",2021-12-27,NA,NA,"50-64",11
"797",2021-12-27,NA,NA,"65+",26
"798",2022-01-03,1,2022,"18-49",1
"799",2022-01-03,NA,NA,"<1",66
"800",2022-01-03,NA,NA,"1-4",108
"801",2022-01-03,NA,NA,"5-17",99
"802",2022-01-03,NA,NA,"18-49",15
"803",2022-01-03,NA,NA,"50-64",13
"804",2022-01-03,NA,NA,"65+",51
"805",2022-01-10,2,2022,"5-17",1
"806",2022-01-10,NA,NA,"<1",78
"807",2022-01-10,NA,NA,"1-4",119
"808",2022-01-10,NA,NA,"5-17",93
"809",2022-01-10,NA,NA,"18-49",17
"810",2022-01-10,NA,NA,"50-64",16
"811",2022-01-10,NA,NA,"65+",46
"812",2022-01-17,NA,NA,"<1",55
"813",2022-01-17,NA,NA,"1-4",64
"814",2022-01-17,NA,NA,"5-17",54
"815",2022-01-17,NA,NA,"18-49",5
"816",2022-01-17,NA,NA,"50-64",7
"817",2022-01-17,NA,NA,"65+",24
"818",2022-01-24,NA,NA,"<1",36
"819",2022-01-24,NA,NA,"1-4",56
"820",2022-01-24,NA,NA,"5-17",43
"821",2022-01-24,NA,NA,"18-49",6
"822",2022-01-24,NA,NA,"50-64",1
"823",2022-01-24,NA,NA,"65+",14
"824",2022-01-31,NA,NA,"<1",41
"825",2022-01-31,NA,NA,"1-4",46
"826",2022-01-31,NA,NA,"5-17",50
"827",2022-01-31,NA,NA,"18-49",6
"828",2022-01-31,NA,NA,"50-64",7
"829",2022-01-31,NA,NA,"65+",8
"830",2022-02-07,6,2022,"1-4",1
"831",2022-02-07,NA,NA,"<1",41
"832",2022-02-07,NA,NA,"1-4",64
"833",2022-02-07,NA,NA,"5-17",46
"834",2022-02-07,NA,NA,"18-49",8
"835",2022-02-07,NA,NA,"50-64",2
"836",2022-02-07,NA,NA,"65+",13
"837",2022-02-14,NA,NA,"<1",53
"838",2022-02-14,NA,NA,"1-4",62
"839",2022-02-14,NA,NA,"5-17",60
"840",2022-02-14,NA,NA,"18-49",6
"841",2022-02-14,NA,NA,"50-64",6
"842",2022-02-14,NA,NA,"65+",13
"843",2022-02-21,NA,NA,"<1",71
"844",2022-02-21,NA,NA,"1-4",76
"845",2022-02-21,NA,NA,"5-17",62
"846",2022-02-21,NA,NA,"18-49",4
"847",2022-02-21,NA,NA,"50-64",2
"848",2022-02-21,NA,NA,"65+",16
"849",2022-02-28,NA,NA,"<1",75
"850",2022-02-28,NA,NA,"1-4",116
"851",2022-02-28,NA,NA,"5-17",80
"852",2022-02-28,NA,NA,"18-49",7
"853",2022-02-28,NA,NA,"50-64",8
"854",2022-02-28,NA,NA,"65+",16
"855",2022-03-07,NA,NA,"<1",83
"856",2022-03-07,NA,NA,"1-4",120
"857",2022-03-07,NA,NA,"5-17",80
"858",2022-03-07,NA,NA,"18-49",5
"859",2022-03-07,NA,NA,"50-64",10
"860",2022-03-07,NA,NA,"65+",24
"861",2022-03-14,NA,NA,"<1",120
"862",2022-03-14,NA,NA,"1-4",132
"863",2022-03-14,NA,NA,"5-17",107
"864",2022-03-14,NA,NA,"18-49",3
"865",2022-03-14,NA,NA,"50-64",7
"866",2022-03-14,NA,NA,"65+",18
"867",2022-03-21,NA,NA,"<1",134
"868",2022-03-21,NA,NA,"1-4",200
"869",2022-03-21,NA,NA,"5-17",127
"870",2022-03-21,NA,NA,"18-49",13
"871",2022-03-21,NA,NA,"50-64",9
"872",2022-03-21,NA,NA,"65+",28
"873",2022-03-28,NA,NA,"<1",154
"874",2022-03-28,NA,NA,"1-4",209
"875",2022-03-28,NA,NA,"5-17",168
"876",2022-03-28,NA,NA,"18-49",25
"877",2022-03-28,NA,NA,"50-64",8
"878",2022-03-28,NA,NA,"65+",16
"879",2022-04-04,NA,NA,"<1",185
"880",2022-04-04,NA,NA,"1-4",257
"881",2022-04-04,NA,NA,"5-17",155
"882",2022-04-04,NA,NA,"18-49",12
"883",2022-04-04,NA,NA,"50-64",11
"884",2022-04-04,NA,NA,"65+",27
"885",2022-04-11,NA,NA,"<1",186
"886",2022-04-11,NA,NA,"1-4",243
"887",2022-04-11,NA,NA,"5-17",180
"888",2022-04-11,NA,NA,"18-49",17
"889",2022-04-11,NA,NA,"50-64",12
"890",2022-04-11,NA,NA,"65+",26
"891",2022-04-18,NA,NA,"<1",174
"892",2022-04-18,NA,NA,"1-4",256
"893",2022-04-18,NA,NA,"5-17",224
"894",2022-04-18,NA,NA,"18-49",14
"895",2022-04-18,NA,NA,"50-64",22
"896",2022-04-18,NA,NA,"65+",35
"897",2022-04-25,NA,NA,"<1",218
"898",2022-04-25,NA,NA,"1-4",297
"899",2022-04-25,NA,NA,"5-17",237
"900",2022-04-25,NA,NA,"18-49",26
"901",2022-04-25,NA,NA,"50-64",12
"902",2022-04-25,NA,NA,"65+",50
"903",2022-05-02,NA,NA,"<1",153
"904",2022-05-02,NA,NA,"1-4",251
"905",2022-05-02,NA,NA,"5-17",165
"906",2022-05-02,NA,NA,"18-49",23
"907",2022-05-02,NA,NA,"50-64",9
"908",2022-05-02,NA,NA,"65+",32
"909",2022-05-09,NA,NA,"<1",186
"910",2022-05-09,NA,NA,"1-4",269
"911",2022-05-09,NA,NA,"5-17",185
"912",2022-05-09,NA,NA,"18-49",20
"913",2022-05-09,NA,NA,"50-64",12
"914",2022-05-09,NA,NA,"65+",42
"915",2022-05-16,NA,NA,"<1",156
"916",2022-05-16,NA,NA,"1-4",213
"917",2022-05-16,NA,NA,"5-17",160
"918",2022-05-16,NA,NA,"18-49",10
"919",2022-05-16,NA,NA,"50-64",11
"920",2022-05-16,NA,NA,"65+",36
"921",2022-05-23,NA,NA,"<1",161
"922",2022-05-23,NA,NA,"1-4",173
"923",2022-05-23,NA,NA,"5-17",183
"924",2022-05-23,NA,NA,"18-49",19
"925",2022-05-23,NA,NA,"50-64",12
"926",2022-05-23,NA,NA,"65+",51
"927",2022-05-30,NA,NA,"<1",118
"928",2022-05-30,NA,NA,"1-4",154
"929",2022-05-30,NA,NA,"5-17",149
"930",2022-05-30,NA,NA,"18-49",20
"931",2022-05-30,NA,NA,"50-64",10
"932",2022-05-30,NA,NA,"65+",43
"933",2022-06-06,NA,NA,"<1",131
"934",2022-06-06,NA,NA,"1-4",154
"935",2022-06-06,NA,NA,"5-17",104
"936",2022-06-06,NA,NA,"18-49",11
"937",2022-06-06,NA,NA,"50-64",5
"938",2022-06-06,NA,NA,"65+",31
"939",2022-06-13,NA,NA,"<1",81
"940",2022-06-13,NA,NA,"1-4",124
"941",2022-06-13,NA,NA,"5-17",95
"942",2022-06-13,NA,NA,"18-49",4
"943",2022-06-13,NA,NA,"50-64",7
"944",2022-06-13,NA,NA,"65+",22
"945",2022-06-20,NA,NA,"<1",92
"946",2022-06-20,NA,NA,"1-4",110
"947",2022-06-20,NA,NA,"5-17",96
"948",2022-06-20,NA,NA,"18-49",13
"949",2022-06-20,NA,NA,"50-64",4
"950",2022-06-20,NA,NA,"65+",36
"951",2022-06-27,NA,NA,"<1",75
"952",2022-06-27,NA,NA,"1-4",96
"953",2022-06-27,NA,NA,"5-17",110
"954",2022-06-27,NA,NA,"18-49",11
"955",2022-06-27,NA,NA,"50-64",7
"956",2022-06-27,NA,NA,"65+",16
"957",2022-07-04,NA,NA,"<1",75
"958",2022-07-04,NA,NA,"1-4",102
"959",2022-07-04,NA,NA,"5-17",80
"960",2022-07-04,NA,NA,"18-49",9
"961",2022-07-04,NA,NA,"50-64",5
"962",2022-07-04,NA,NA,"65+",11
"963",2022-07-11,NA,NA,"<1",62
"964",2022-07-11,NA,NA,"1-4",94
"965",2022-07-11,NA,NA,"5-17",72
"966",2022-07-11,NA,NA,"18-49",4
"967",2022-07-11,NA,NA,"50-64",1
"968",2022-07-11,NA,NA,"65+",18
"969",2022-07-18,NA,NA,"<1",45
"970",2022-07-18,NA,NA,"1-4",80
"971",2022-07-18,NA,NA,"5-17",56
"972",2022-07-18,NA,NA,"18-49",4
"973",2022-07-18,NA,NA,"50-64",2
"974",2022-07-18,NA,NA,"65+",12
"975",2022-07-25,NA,NA,"<1",39
"976",2022-07-25,NA,NA,"1-4",49
"977",2022-07-25,NA,NA,"5-17",53
"978",2022-07-25,NA,NA,"18-49",5
"979",2022-07-25,NA,NA,"50-64",4
"980",2022-07-25,NA,NA,"65+",6
"981",2022-08-01,NA,NA,"<1",22
"982",2022-08-01,NA,NA,"1-4",40
"983",2022-08-01,NA,NA,"5-17",24
"984",2022-08-01,NA,NA,"18-49",5
"985",2022-08-01,NA,NA,"50-64",1
"986",2022-08-01,NA,NA,"65+",11
"987",2022-08-08,NA,NA,"<1",12
"988",2022-08-08,NA,NA,"1-4",40
"989",2022-08-08,NA,NA,"5-17",34
"990",2022-08-08,NA,NA,"18-49",1
"991",2022-08-08,NA,NA,"65+",4
"992",2022-08-15,NA,NA,"<1",15
"993",2022-08-15,NA,NA,"1-4",34
"994",2022-08-15,NA,NA,"5-17",24
"995",2022-08-15,NA,NA,"18-49",4
"996",2022-08-15,NA,NA,"50-64",1
"997",2022-08-15,NA,NA,"65+",3
"998",2022-08-22,NA,NA,"<1",14
"999",2022-08-22,NA,NA,"1-4",26
"1000",2022-08-22,NA,NA,"5-17",29
"1001",2022-08-22,NA,NA,"18-49",2
"1002",2022-08-22,NA,NA,"65+",3
"1003",2022-08-29,NA,NA,"<1",17
"1004",2022-08-29,NA,NA,"1-4",19
"1005",2022-08-29,NA,NA,"5-17",16
"1006",2022-08-29,NA,NA,"18-49",2
"1007",2022-08-29,NA,NA,"50-64",2
"1008",2022-08-29,NA,NA,"65+",1
"1009",2022-09-05,NA,NA,"<1",8
"1010",2022-09-05,NA,NA,"1-4",28
"1011",2022-09-05,NA,NA,"5-17",26
"1012",2022-09-05,NA,NA,"65+",4
"1013",2022-09-12,NA,NA,"<1",19
"1014",2022-09-12,NA,NA,"1-4",32
"1015",2022-09-12,NA,NA,"5-17",28
"1016",2022-09-12,NA,NA,"18-49",1
"1017",2022-09-12,NA,NA,"65+",2
"1018",2022-09-19,NA,NA,"<1",19
"1019",2022-09-19,NA,NA,"1-4",30
"1020",2022-09-19,NA,NA,"5-17",32
"1021",2022-09-19,NA,NA,"18-49",1
"1022",2022-09-19,NA,NA,"65+",1
"1023",2022-09-26,NA,NA,"<1",22
"1024",2022-09-26,NA,NA,"1-4",34
"1025",2022-09-26,NA,NA,"5-17",28
"1026",2022-09-26,NA,NA,"18-49",2
"1027",2022-09-26,NA,NA,"65+",2
"1028",2022-10-03,NA,NA,"<1",26
"1029",2022-10-03,NA,NA,"1-4",42
"1030",2022-10-03,NA,NA,"5-17",41
"1031",2022-10-03,NA,NA,"18-49",2
"1032",2022-10-03,NA,NA,"50-64",1
"1033",2022-10-03,NA,NA,"65+",1
"1034",2022-10-10,NA,NA,"<1",34
"1035",2022-10-10,NA,NA,"1-4",63
"1036",2022-10-10,NA,NA,"5-17",58
"1037",2022-10-10,NA,NA,"50-64",2
"1038",2022-10-10,NA,NA,"65+",1
"1039",2022-10-17,NA,NA,"<1",53
"1040",2022-10-17,NA,NA,"1-4",84
"1041",2022-10-17,NA,NA,"5-17",74
"1042",2022-10-17,NA,NA,"18-49",1
"1043",2022-10-17,NA,NA,"50-64",1
"1044",2022-10-17,NA,NA,"65+",2
"1045",2022-10-24,NA,NA,"<1",54
"1046",2022-10-24,NA,NA,"1-4",89
"1047",2022-10-24,NA,NA,"5-17",85
"1048",2022-10-24,NA,NA,"18-49",2
"1049",2022-10-24,NA,NA,"50-64",1
"1050",2022-10-24,NA,NA,"65+",2
"1051",2022-10-31,NA,NA,"<1",41
"1052",2022-10-31,NA,NA,"1-4",75
"1053",2022-10-31,NA,NA,"5-17",73
"1054",2022-10-31,NA,NA,"18-49",2
"1055",2022-10-31,NA,NA,"50-64",2
"1056",2022-10-31,NA,NA,"65+",3
"1057",2022-11-07,NA,NA,"<1",68
"1058",2022-11-07,NA,NA,"1-4",90
"1059",2022-11-07,NA,NA,"5-17",93
"1060",2022-11-07,NA,NA,"18-49",3
"1061",2022-11-07,NA,NA,"65+",2
"1062",2022-11-14,NA,NA,"<1",53
"1063",2022-11-14,NA,NA,"1-4",97
"1064",2022-11-14,NA,NA,"5-17",90
"1065",2022-11-14,NA,NA,"18-49",3
"1066",2022-11-14,NA,NA,"50-64",4
"1067",2022-11-14,NA,NA,"65+",3
"1068",2022-11-21,NA,NA,"<1",55
"1069",2022-11-21,NA,NA,"1-4",93
"1070",2022-11-21,NA,NA,"5-17",99
"1071",2022-11-21,NA,NA,"18-49",3
"1072",2022-11-21,NA,NA,"65+",6
"1073",2022-11-28,NA,NA,"<1",74
"1074",2022-11-28,NA,NA,"1-4",78
"1075",2022-11-28,NA,NA,"5-17",89
"1076",2022-11-28,NA,NA,"18-49",4
"1077",2022-11-28,NA,NA,"50-64",1
"1078",2022-11-28,NA,NA,"65+",7
"1079",2022-12-05,NA,NA,"<1",54
"1080",2022-12-05,NA,NA,"1-4",121
"1081",2022-12-05,NA,NA,"5-17",111
"1082",2022-12-05,NA,NA,"18-49",2
"1083",2022-12-05,NA,NA,"50-64",2
"1084",2022-12-05,NA,NA,"65+",5
"1085",2022-12-12,NA,NA,"<1",80
"1086",2022-12-12,NA,NA,"1-4",111
"1087",2022-12-12,NA,NA,"5-17",124
"1088",2022-12-12,NA,NA,"18-49",3
"1089",2022-12-12,NA,NA,"50-64",5
"1090",2022-12-12,NA,NA,"65+",3
"1091",2022-12-19,NA,NA,"<1",94
"1092",2022-12-19,NA,NA,"1-4",109
"1093",2022-12-19,NA,NA,"5-17",132
"1094",2022-12-19,NA,NA,"50-64",2
"1095",2022-12-19,NA,NA,"65+",2
"1096",2022-12-26,NA,NA,"<1",90
"1097",2022-12-26,NA,NA,"1-4",114
"1098",2022-12-26,NA,NA,"5-17",135
"1099",2022-12-26,NA,NA,"18-49",9
"1100",2022-12-26,NA,NA,"50-64",3
"1101",2022-12-26,NA,NA,"65+",9
"1102",2023-01-02,NA,NA,"<1",77
"1103",2023-01-02,NA,NA,"1-4",109
"1104",2023-01-02,NA,NA,"5-17",129
"1105",2023-01-02,NA,NA,"18-49",9
"1106",2023-01-02,NA,NA,"50-64",3
"1107",2023-01-02,NA,NA,"65+",7
"1108",2023-01-09,NA,NA,"<1",68
"1109",2023-01-09,NA,NA,"1-4",86
"1110",2023-01-09,NA,NA,"5-17",94
"1111",2023-01-09,NA,NA,"18-49",4
"1112",2023-01-09,NA,NA,"50-64",3
"1113",2023-01-09,NA,NA,"65+",10
"1114",2023-01-16,NA,NA,"<1",55
"1115",2023-01-16,NA,NA,"1-4",88
"1116",2023-01-16,NA,NA,"5-17",82
"1117",2023-01-16,NA,NA,"18-49",5
"1118",2023-01-16,NA,NA,"50-64",1
"1119",2023-01-16,NA,NA,"65+",7
"1120",2023-01-23,NA,NA,"<1",62
"1121",2023-01-23,NA,NA,"1-4",65
"1122",2023-01-23,NA,NA,"5-17",89
"1123",2023-01-23,NA,NA,"18-49",2
"1124",2023-01-23,NA,NA,"50-64",1
"1125",2023-01-23,NA,NA,"65+",11
"1126",2023-01-30,NA,NA,"<1",63
"1127",2023-01-30,NA,NA,"1-4",58
"1128",2023-01-30,NA,NA,"5-17",77
"1129",2023-01-30,NA,NA,"18-49",6
"1130",2023-01-30,NA,NA,"65+",6
"1131",2023-02-06,NA,NA,"<1",72
"1132",2023-02-06,NA,NA,"1-4",92
"1133",2023-02-06,NA,NA,"5-17",87
"1134",2023-02-06,NA,NA,"18-49",4
"1135",2023-02-06,NA,NA,"50-64",2
"1136",2023-02-06,NA,NA,"65+",11
"1137",2023-02-13,NA,NA,"<1",65
"1138",2023-02-13,NA,NA,"1-4",106
"1139",2023-02-13,NA,NA,"5-17",93
"1140",2023-02-13,NA,NA,"18-49",2
"1141",2023-02-13,NA,NA,"50-64",2
"1142",2023-02-13,NA,NA,"65+",3
"1143",2023-02-20,NA,NA,"<1",112
"1144",2023-02-20,NA,NA,"1-4",124
"1145",2023-02-20,NA,NA,"5-17",111
"1146",2023-02-20,NA,NA,"18-49",5
"1147",2023-02-20,NA,NA,"50-64",2
"1148",2023-02-20,NA,NA,"65+",10
"1149",2023-02-27,NA,NA,"<1",134
"1150",2023-02-27,NA,NA,"1-4",182
"1151",2023-02-27,NA,NA,"5-17",163
"1152",2023-02-27,NA,NA,"18-49",9
"1153",2023-02-27,NA,NA,"50-64",4
"1154",2023-02-27,NA,NA,"65+",11
"1155",2023-03-06,NA,NA,"<1",139
"1156",2023-03-06,NA,NA,"1-4",203
"1157",2023-03-06,NA,NA,"5-17",185
"1158",2023-03-06,NA,NA,"18-49",8
"1159",2023-03-06,NA,NA,"50-64",1
"1160",2023-03-06,NA,NA,"65+",4
"1161",2023-03-13,NA,NA,"<1",182
"1162",2023-03-13,NA,NA,"1-4",273
"1163",2023-03-13,NA,NA,"5-17",211
"1164",2023-03-13,NA,NA,"18-49",3
"1165",2023-03-13,NA,NA,"50-64",3
"1166",2023-03-13,NA,NA,"65+",11
"1167",2023-03-20,NA,NA,"<1",243
"1168",2023-03-20,NA,NA,"1-4",324
"1169",2023-03-20,NA,NA,"5-17",321
"1170",2023-03-20,NA,NA,"18-49",16
"1171",2023-03-20,NA,NA,"50-64",6
"1172",2023-03-20,NA,NA,"65+",11
"1173",2023-03-27,NA,NA,"<1",322
"1174",2023-03-27,NA,NA,"1-4",400
"1175",2023-03-27,NA,NA,"5-17",390
"1176",2023-03-27,NA,NA,"18-49",43
"1177",2023-03-27,NA,NA,"50-64",9
"1178",2023-03-27,NA,NA,"65+",20
"1179",2023-04-03,NA,NA,"<1",265
"1180",2023-04-03,NA,NA,"1-4",373
"1181",2023-04-03,NA,NA,"5-17",305
"1182",2023-04-03,NA,NA,"18-49",25
"1183",2023-04-03,NA,NA,"50-64",10
"1184",2023-04-03,NA,NA,"65+",17
"1185",2023-04-10,NA,NA,"<1",357
"1186",2023-04-10,NA,NA,"1-4",504
"1187",2023-04-10,NA,NA,"5-17",368
"1188",2023-04-10,NA,NA,"18-49",15
"1189",2023-04-10,NA,NA,"50-64",7
"1190",2023-04-10,NA,NA,"65+",31
"1191",2023-04-17,NA,NA,"<1",314
"1192",2023-04-17,NA,NA,"1-4",430
"1193",2023-04-17,NA,NA,"5-17",347
"1194",2023-04-17,NA,NA,"18-49",21
"1195",2023-04-17,NA,NA,"50-64",7
"1196",2023-04-17,NA,NA,"65+",29
"1197",2023-04-24,NA,NA,"<1",351
"1198",2023-04-24,NA,NA,"1-4",420
"1199",2023-04-24,NA,NA,"5-17",431
"1200",2023-04-24,NA,NA,"18-49",33
"1201",2023-04-24,NA,NA,"50-64",11
"1202",2023-04-24,NA,NA,"65+",33
"1203",2023-05-01,NA,NA,"<1",325
"1204",2023-05-01,NA,NA,"1-4",384
"1205",2023-05-01,NA,NA,"5-17",379
"1206",2023-05-01,NA,NA,"18-49",39
"1207",2023-05-01,NA,NA,"50-64",8
"1208",2023-05-01,NA,NA,"65+",24
"1209",2023-05-08,NA,NA,"<1",359
"1210",2023-05-08,NA,NA,"1-4",468
"1211",2023-05-08,NA,NA,"5-17",375
"1212",2023-05-08,NA,NA,"18-49",23
"1213",2023-05-08,NA,NA,"50-64",12
"1214",2023-05-08,NA,NA,"65+",34
"1215",2023-05-15,NA,NA,"<1",296
"1216",2023-05-15,NA,NA,"1-4",457
"1217",2023-05-15,NA,NA,"5-17",387
"1218",2023-05-15,NA,NA,"18-49",10
"1219",2023-05-15,NA,NA,"50-64",12
"1220",2023-05-15,NA,NA,"65+",29
"1221",2023-05-22,NA,NA,"<1",305
"1222",2023-05-22,NA,NA,"1-4",413
"1223",2023-05-22,NA,NA,"5-17",338
"1224",2023-05-22,NA,NA,"18-49",16
"1225",2023-05-22,NA,NA,"50-64",5
"1226",2023-05-22,NA,NA,"65+",32
"1227",2023-05-29,NA,NA,"<1",265
"1228",2023-05-29,NA,NA,"1-4",346
"1229",2023-05-29,NA,NA,"5-17",300
"1230",2023-05-29,NA,NA,"18-49",44
"1231",2023-05-29,NA,NA,"50-64",13
"1232",2023-05-29,NA,NA,"65+",22
"1233",2023-06-05,NA,NA,"<1",240
"1234",2023-06-05,NA,NA,"1-4",353
"1235",2023-06-05,NA,NA,"5-17",237
"1236",2023-06-05,NA,NA,"18-49",20
"1237",2023-06-05,NA,NA,"50-64",7
"1238",2023-06-05,NA,NA,"65+",25
"1239",2023-06-12,NA,NA,"<1",232
"1240",2023-06-12,NA,NA,"1-4",315
"1241",2023-06-12,NA,NA,"5-17",243
"1242",2023-06-12,NA,NA,"18-49",11
"1243",2023-06-12,NA,NA,"50-64",14
"1244",2023-06-12,NA,NA,"65+",22
"1245",2023-06-19,NA,NA,"<1",188
"1246",2023-06-19,NA,NA,"1-4",283
"1247",2023-06-19,NA,NA,"5-17",241
"1248",2023-06-19,NA,NA,"18-49",12
"1249",2023-06-19,NA,NA,"50-64",4
"1250",2023-06-19,NA,NA,"65+",22
"1251",2023-06-26,NA,NA,"<1",156
"1252",2023-06-26,NA,NA,"1-4",197
"1253",2023-06-26,NA,NA,"5-17",179
"1254",2023-06-26,NA,NA,"18-49",15
"1255",2023-06-26,NA,NA,"50-64",3
"1256",2023-06-26,NA,NA,"65+",20
"1257",2023-07-03,NA,NA,"<1",151
"1258",2023-07-03,NA,NA,"1-4",178
"1259",2023-07-03,NA,NA,"5-17",142
"1260",2023-07-03,NA,NA,"18-49",15
"1261",2023-07-03,NA,NA,"50-64",7
"1262",2023-07-03,NA,NA,"65+",16
"1263",2023-07-10,NA,NA,"<1",114
"1264",2023-07-10,NA,NA,"1-4",154
"1265",2023-07-10,NA,NA,"5-17",130
"1266",2023-07-10,NA,NA,"18-49",5
"1267",2023-07-10,NA,NA,"50-64",6
"1268",2023-07-10,NA,NA,"65+",26
"1269",2023-07-17,NA,NA,"<1",82
"1270",2023-07-17,NA,NA,"1-4",142
"1271",2023-07-17,NA,NA,"5-17",103
"1272",2023-07-17,NA,NA,"18-49",2
"1273",2023-07-17,NA,NA,"50-64",4
"1274",2023-07-17,NA,NA,"65+",13
"1275",2023-07-24,NA,NA,"<1",64
"1276",2023-07-24,NA,NA,"1-4",86
"1277",2023-07-24,NA,NA,"5-17",83
"1278",2023-07-24,NA,NA,"18-49",5
"1279",2023-07-24,NA,NA,"50-64",4
"1280",2023-07-24,NA,NA,"65+",17
"1281",2023-07-31,NA,NA,"<1",54
"1282",2023-07-31,NA,NA,"1-4",75
"1283",2023-07-31,NA,NA,"5-17",70
"1284",2023-07-31,NA,NA,"18-49",7
"1285",2023-07-31,NA,NA,"65+",7
"1286",2023-08-07,NA,NA,"<1",35
"1287",2023-08-07,NA,NA,"1-4",72
"1288",2023-08-07,NA,NA,"5-17",66
"1289",2023-08-07,NA,NA,"18-49",2
"1290",2023-08-07,NA,NA,"50-64",2
"1291",2023-08-07,NA,NA,"65+",4
"1292",2023-08-14,NA,NA,"<1",38
"1293",2023-08-14,NA,NA,"1-4",50
"1294",2023-08-14,NA,NA,"5-17",61
"1295",2023-08-14,NA,NA,"50-64",3
"1296",2023-08-14,NA,NA,"65+",10
"1297",2023-08-21,NA,NA,"<1",29
"1298",2023-08-21,NA,NA,"1-4",39
"1299",2023-08-21,NA,NA,"5-17",49
"1300",2023-08-21,NA,NA,"18-49",3
"1301",2023-08-21,NA,NA,"50-64",2
"1302",2023-08-21,NA,NA,"65+",7
"1303",2023-08-28,NA,NA,"<1",20
"1304",2023-08-28,NA,NA,"1-4",41
"1305",2023-08-28,NA,NA,"5-17",41
"1306",2023-08-28,NA,NA,"18-49",5
"1307",2023-08-28,NA,NA,"50-64",3
"1308",2023-08-28,NA,NA,"65+",1
"1309",2023-09-04,NA,NA,"<1",19
"1310",2023-09-04,NA,NA,"1-4",34
"1311",2023-09-04,NA,NA,"5-17",44
"1312",2023-09-04,NA,NA,"18-49",2
"1313",2023-09-04,NA,NA,"50-64",1
"1314",2023-09-04,NA,NA,"65+",2
"1315",2023-09-11,NA,NA,"<1",27
"1316",2023-09-11,NA,NA,"1-4",35
"1317",2023-09-11,NA,NA,"5-17",39
"1318",2023-09-11,NA,NA,"50-64",2
"1319",2023-09-18,NA,NA,"<1",28
"1320",2023-09-18,NA,NA,"1-4",21
"1321",2023-09-18,NA,NA,"5-17",43
"1322",2023-09-18,NA,NA,"65+",3
"1323",2023-09-25,NA,NA,"<1",30
"1324",2023-09-25,NA,NA,"1-4",26
"1325",2023-09-25,NA,NA,"5-17",31
"1326",2023-09-25,NA,NA,"18-49",1
"1327",2023-10-02,NA,NA,"<1",27
"1328",2023-10-02,NA,NA,"1-4",28
"1329",2023-10-02,NA,NA,"5-17",30
"1330",2023-10-09,NA,NA,"<1",35
"1331",2023-10-09,NA,NA,"1-4",30
"1332",2023-10-09,NA,NA,"5-17",32
"1333",2023-10-09,NA,NA,"18-49",1
"1334",2023-10-09,NA,NA,"65+",2
"1335",2023-10-16,NA,NA,"<1",17
"1336",2023-10-16,NA,NA,"1-4",32
"1337",2023-10-16,NA,NA,"5-17",41
"1338",2023-10-16,NA,NA,"65+",3
"1339",2023-10-23,NA,NA,"<1",35
"1340",2023-10-23,NA,NA,"1-4",40
"1341",2023-10-23,NA,NA,"5-17",34
"1342",2023-10-23,NA,NA,"18-49",2
"1343",2023-10-23,NA,NA,"50-64",2
"1344",2023-10-23,NA,NA,"65+",4
"1345",2023-10-30,NA,NA,"<1",20
"1346",2023-10-30,NA,NA,"1-4",23
"1347",2023-10-30,NA,NA,"5-17",34
"1348",2023-10-30,NA,NA,"50-64",1
"1349",2023-10-30,NA,NA,"65+",2
"1350",2023-11-06,NA,NA,"<1",27
"1351",2023-11-06,NA,NA,"1-4",37
"1352",2023-11-06,NA,NA,"5-17",37
"1353",2023-11-06,NA,NA,"65+",4
"1354",2023-11-13,NA,NA,"<1",19
"1355",2023-11-13,NA,NA,"1-4",23
"1356",2023-11-13,NA,NA,"5-17",24
"1357",2023-11-20,NA,NA,"<1",21
"1358",2023-11-20,NA,NA,"1-4",20
"1359",2023-11-20,NA,NA,"5-17",41
"1360",2023-11-20,NA,NA,"65+",2
"1361",2023-11-27,NA,NA,"<1",25
"1362",2023-11-27,NA,NA,"1-4",34
"1363",2023-11-27,NA,NA,"5-17",35
"1364",2023-11-27,NA,NA,"18-49",1
"1365",2023-11-27,NA,NA,"65+",1
"1366",2023-12-04,NA,NA,"<1",34
"1367",2023-12-04,NA,NA,"1-4",40
"1368",2023-12-04,NA,NA,"5-17",31
"1369",2023-12-04,NA,NA,"65+",2
"1370",2023-12-11,NA,NA,"<1",41
"1371",2023-12-11,NA,NA,"1-4",42
"1372",2023-12-11,NA,NA,"5-17",46
"1373",2023-12-11,NA,NA,"50-64",1
"1374",2023-12-11,NA,NA,"65+",3
"1375",2023-12-18,NA,NA,"<1",30
"1376",2023-12-18,NA,NA,"1-4",22
"1377",2023-12-18,NA,NA,"5-17",29
"1378",2023-12-25,NA,NA,"<1",18
"1379",2023-12-25,NA,NA,"1-4",23
"1380",2023-12-25,NA,NA,"5-17",21
"1381",2023-12-25,NA,NA,"65+",4
"1382",2024-01-01,NA,NA,"<1",10
"1383",2024-01-01,NA,NA,"1-4",14
"1384",2024-01-01,NA,NA,"5-17",18
"1385",2024-01-01,NA,NA,"18-49",1
"1386",2024-01-01,NA,NA,"50-64",4
"1387",2024-01-01,NA,NA,"65+",2
"1388",2024-01-08,NA,NA,"<1",1
"1389",2024-01-08,NA,NA,"5-17",1
