"","start_week","age_group","n"
"1",2018-12-31,"1-4",1
"2",2018-12-31,"18-49",1
"3",2018-12-31,"50-64",1
"4",2019-01-07,"5-17",3
"5",2019-01-07,"18-49",8
"6",2019-01-07,"50-64",1
"7",2019-01-07,"65+",2
"8",2019-01-14,"<1",3
"9",2019-01-14,"1-4",2
"10",2019-01-14,"5-17",2
"11",2019-01-14,"18-49",6
"12",2019-01-14,"50-64",3
"13",2019-01-14,"65+",1
"14",2019-01-21,"5-17",2
"15",2019-01-21,"18-49",3
"16",2019-01-21,"50-64",3
"17",2019-01-28,"<1",2
"18",2019-01-28,"1-4",2
"19",2019-01-28,"5-17",3
"20",2019-01-28,"18-49",7
"21",2019-01-28,"50-64",4
"22",2019-01-28,"65+",2
"23",2019-02-04,"<1",1
"24",2019-02-04,"5-17",4
"25",2019-02-04,"18-49",3
"26",2019-02-04,"50-64",5
"27",2019-02-04,"65+",4
"28",2019-02-11,"<1",1
"29",2019-02-11,"1-4",2
"30",2019-02-11,"5-17",6
"31",2019-02-11,"18-49",6
"32",2019-02-11,"50-64",1
"33",2019-02-11,"65+",5
"34",2019-02-18,"<1",8
"35",2019-02-18,"1-4",9
"36",2019-02-18,"5-17",15
"37",2019-02-18,"18-49",15
"38",2019-02-18,"50-64",5
"39",2019-02-18,"65+",3
"40",2019-02-25,"<1",6
"41",2019-02-25,"1-4",10
"42",2019-02-25,"5-17",15
"43",2019-02-25,"18-49",16
"44",2019-02-25,"50-64",6
"45",2019-02-25,"65+",8
"46",2019-03-04,"<1",9
"47",2019-03-04,"1-4",6
"48",2019-03-04,"5-17",12
"49",2019-03-04,"18-49",14
"50",2019-03-04,"50-64",4
"51",2019-03-04,"65+",2
"52",2019-03-11,"<1",5
"53",2019-03-11,"1-4",8
"54",2019-03-11,"5-17",3
"55",2019-03-11,"18-49",15
"56",2019-03-11,"50-64",8
"57",2019-03-11,"65+",4
"58",2019-03-18,"<1",6
"59",2019-03-18,"1-4",8
"60",2019-03-18,"5-17",12
"61",2019-03-18,"18-49",18
"62",2019-03-18,"50-64",11
"63",2019-03-18,"65+",5
"64",2019-03-25,"<1",11
"65",2019-03-25,"1-4",10
"66",2019-03-25,"5-17",12
"67",2019-03-25,"18-49",22
"68",2019-03-25,"50-64",12
"69",2019-03-25,"65+",14
"70",2019-04-01,"<1",19
"71",2019-04-01,"1-4",20
"72",2019-04-01,"5-17",18
"73",2019-04-01,"18-49",19
"74",2019-04-01,"50-64",8
"75",2019-04-01,"65+",13
"76",2019-04-08,"<1",15
"77",2019-04-08,"1-4",16
"78",2019-04-08,"5-17",41
"79",2019-04-08,"18-49",21
"80",2019-04-08,"50-64",16
"81",2019-04-08,"65+",19
"82",2019-04-15,"<1",19
"83",2019-04-15,"1-4",12
"84",2019-04-15,"5-17",30
"85",2019-04-15,"18-49",53
"86",2019-04-15,"50-64",11
"87",2019-04-15,"65+",17
"88",2019-04-22,"<1",15
"89",2019-04-22,"1-4",27
"90",2019-04-22,"5-17",47
"91",2019-04-22,"18-49",65
"92",2019-04-22,"50-64",36
"93",2019-04-22,"65+",50
"94",2019-04-29,"<1",15
"95",2019-04-29,"1-4",24
"96",2019-04-29,"5-17",36
"97",2019-04-29,"18-49",67
"98",2019-04-29,"50-64",52
"99",2019-04-29,"65+",47
"100",2019-05-06,"<1",31
"101",2019-05-06,"1-4",25
"102",2019-05-06,"5-17",66
"103",2019-05-06,"18-49",72
"104",2019-05-06,"50-64",43
"105",2019-05-06,"65+",68
"106",2019-05-13,"<1",32
"107",2019-05-13,"1-4",25
"108",2019-05-13,"5-17",64
"109",2019-05-13,"18-49",89
"110",2019-05-13,"50-64",75
"111",2019-05-13,"65+",70
"112",2019-05-20,"<1",19
"113",2019-05-20,"1-4",31
"114",2019-05-20,"5-17",86
"115",2019-05-20,"18-49",128
"116",2019-05-20,"50-64",69
"117",2019-05-20,"65+",73
"118",2019-05-27,"<1",22
"119",2019-05-27,"1-4",33
"120",2019-05-27,"5-17",81
"121",2019-05-27,"18-49",153
"122",2019-05-27,"50-64",86
"123",2019-05-27,"65+",86
"124",2019-06-03,"<1",31
"125",2019-06-03,"1-4",30
"126",2019-06-03,"5-17",81
"127",2019-06-03,"18-49",125
"128",2019-06-03,"50-64",67
"129",2019-06-03,"65+",92
"130",2019-06-10,"<1",22
"131",2019-06-10,"1-4",28
"132",2019-06-10,"5-17",80
"133",2019-06-10,"18-49",132
"134",2019-06-10,"50-64",87
"135",2019-06-10,"65+",76
"136",2019-06-17,"<1",25
"137",2019-06-17,"1-4",33
"138",2019-06-17,"5-17",58
"139",2019-06-17,"18-49",105
"140",2019-06-17,"50-64",64
"141",2019-06-17,"65+",75
"142",2019-06-24,"<1",26
"143",2019-06-24,"1-4",24
"144",2019-06-24,"5-17",70
"145",2019-06-24,"18-49",104
"146",2019-06-24,"50-64",52
"147",2019-06-24,"65+",87
"148",2019-07-01,"<1",20
"149",2019-07-01,"1-4",32
"150",2019-07-01,"5-17",59
"151",2019-07-01,"18-49",72
"152",2019-07-01,"50-64",49
"153",2019-07-01,"65+",66
"154",2019-07-08,"<1",9
"155",2019-07-08,"1-4",25
"156",2019-07-08,"5-17",32
"157",2019-07-08,"18-49",64
"158",2019-07-08,"50-64",45
"159",2019-07-08,"65+",55
"160",2019-07-15,"<1",11
"161",2019-07-15,"1-4",9
"162",2019-07-15,"5-17",45
"163",2019-07-15,"18-49",86
"164",2019-07-15,"50-64",49
"165",2019-07-15,"65+",53
"166",2019-07-22,"<1",8
"167",2019-07-22,"1-4",12
"168",2019-07-22,"5-17",36
"169",2019-07-22,"18-49",73
"170",2019-07-22,"50-64",57
"171",2019-07-22,"65+",53
"172",2019-07-29,"<1",4
"173",2019-07-29,"1-4",4
"174",2019-07-29,"5-17",17
"175",2019-07-29,"18-49",39
"176",2019-07-29,"50-64",37
"177",2019-07-29,"65+",35
"178",2019-08-05,"<1",5
"179",2019-08-05,"1-4",15
"180",2019-08-05,"5-17",13
"181",2019-08-05,"18-49",50
"182",2019-08-05,"50-64",30
"183",2019-08-05,"65+",38
"184",2019-08-12,"<1",3
"185",2019-08-12,"1-4",10
"186",2019-08-12,"5-17",20
"187",2019-08-12,"18-49",41
"188",2019-08-12,"50-64",23
"189",2019-08-12,"65+",28
"190",2019-08-19,"<1",10
"191",2019-08-19,"1-4",5
"192",2019-08-19,"5-17",25
"193",2019-08-19,"18-49",38
"194",2019-08-19,"50-64",32
"195",2019-08-19,"65+",25
"196",2019-08-26,"<1",8
"197",2019-08-26,"1-4",8
"198",2019-08-26,"5-17",24
"199",2019-08-26,"18-49",42
"200",2019-08-26,"50-64",17
"201",2019-08-26,"65+",33
"202",2019-09-02,"<1",5
"203",2019-09-02,"1-4",12
"204",2019-09-02,"5-17",18
"205",2019-09-02,"18-49",25
"206",2019-09-02,"50-64",10
"207",2019-09-02,"65+",20
"208",2019-09-09,"<1",8
"209",2019-09-09,"1-4",10
"210",2019-09-09,"5-17",17
"211",2019-09-09,"18-49",35
"212",2019-09-09,"50-64",25
"213",2019-09-09,"65+",27
"214",2019-09-16,"<1",6
"215",2019-09-16,"1-4",8
"216",2019-09-16,"5-17",16
"217",2019-09-16,"18-49",19
"218",2019-09-16,"50-64",14
"219",2019-09-16,"65+",13
"220",2019-09-23,"<1",1
"221",2019-09-23,"1-4",6
"222",2019-09-23,"5-17",18
"223",2019-09-23,"18-49",27
"224",2019-09-23,"50-64",15
"225",2019-09-23,"65+",11
"226",2019-09-30,"<1",6
"227",2019-09-30,"1-4",5
"228",2019-09-30,"5-17",13
"229",2019-09-30,"18-49",14
"230",2019-09-30,"50-64",9
"231",2019-09-30,"65+",11
"232",2019-10-07,"<1",4
"233",2019-10-07,"1-4",6
"234",2019-10-07,"5-17",12
"235",2019-10-07,"18-49",13
"236",2019-10-07,"50-64",6
"237",2019-10-07,"65+",9
"238",2019-10-14,"<1",8
"239",2019-10-14,"1-4",4
"240",2019-10-14,"5-17",14
"241",2019-10-14,"18-49",11
"242",2019-10-14,"50-64",10
"243",2019-10-14,"65+",6
"244",2019-10-21,"<1",3
"245",2019-10-21,"1-4",7
"246",2019-10-21,"5-17",17
"247",2019-10-21,"18-49",18
"248",2019-10-21,"50-64",5
"249",2019-10-21,"65+",9
"250",2019-10-28,"<1",5
"251",2019-10-28,"1-4",4
"252",2019-10-28,"5-17",12
"253",2019-10-28,"18-49",6
"254",2019-10-28,"50-64",2
"255",2019-10-28,"65+",4
"256",2019-11-04,"<1",5
"257",2019-11-04,"1-4",1
"258",2019-11-04,"5-17",10
"259",2019-11-04,"18-49",4
"260",2019-11-04,"50-64",2
"261",2019-11-04,"65+",1
"262",2019-11-11,"<1",1
"263",2019-11-11,"1-4",6
"264",2019-11-11,"5-17",12
"265",2019-11-11,"18-49",9
"266",2019-11-11,"50-64",3
"267",2019-11-11,"65+",1
"268",2019-11-18,"<1",5
"269",2019-11-18,"1-4",7
"270",2019-11-18,"5-17",9
"271",2019-11-18,"18-49",4
"272",2019-11-18,"50-64",3
"273",2019-11-18,"65+",3
"274",2019-11-25,"<1",2
"275",2019-11-25,"1-4",3
"276",2019-11-25,"5-17",17
"277",2019-11-25,"18-49",6
"278",2019-11-25,"50-64",2
"279",2019-11-25,"65+",5
"280",2019-12-02,"<1",3
"281",2019-12-02,"1-4",7
"282",2019-12-02,"5-17",12
"283",2019-12-02,"18-49",5
"284",2019-12-02,"50-64",1
"285",2019-12-02,"65+",5
"286",2019-12-09,"<1",3
"287",2019-12-09,"1-4",4
"288",2019-12-09,"5-17",10
"289",2019-12-09,"18-49",13
"290",2019-12-09,"50-64",5
"291",2019-12-09,"65+",6
"292",2019-12-16,"<1",5
"293",2019-12-16,"1-4",4
"294",2019-12-16,"5-17",10
"295",2019-12-16,"18-49",11
"296",2019-12-16,"50-64",5
"297",2019-12-16,"65+",7
"298",2019-12-23,"<1",2
"299",2019-12-23,"1-4",5
"300",2019-12-23,"5-17",5
"301",2019-12-23,"18-49",6
"302",2019-12-23,"65+",3
"303",2019-12-30,"<1",1
"304",2019-12-30,"1-4",4
"305",2019-12-30,"5-17",6
"306",2019-12-30,"18-49",8
"307",2019-12-30,"50-64",1
"308",2019-12-30,"65+",3
"309",2020-01-06,"<1",3
"310",2020-01-06,"1-4",6
"311",2020-01-06,"5-17",15
"312",2020-01-06,"18-49",14
"313",2020-01-06,"50-64",2
"314",2020-01-06,"65+",5
"315",2020-01-13,"<1",8
"316",2020-01-13,"1-4",7
"317",2020-01-13,"5-17",11
"318",2020-01-13,"18-49",18
"319",2020-01-13,"50-64",6
"320",2020-01-13,"65+",11
"321",2020-01-20,"<1",5
"322",2020-01-20,"1-4",3
"323",2020-01-20,"5-17",9
"324",2020-01-20,"18-49",13
"325",2020-01-20,"50-64",6
"326",2020-01-20,"65+",3
"327",2020-01-27,"<1",1
"328",2020-01-27,"1-4",7
"329",2020-01-27,"5-17",12
"330",2020-01-27,"18-49",22
"331",2020-01-27,"50-64",8
"332",2020-01-27,"65+",6
"333",2020-02-03,"<1",5
"334",2020-02-03,"1-4",5
"335",2020-02-03,"5-17",12
"336",2020-02-03,"18-49",19
"337",2020-02-03,"50-64",10
"338",2020-02-03,"65+",6
"339",2020-02-10,"<1",10
"340",2020-02-10,"1-4",7
"341",2020-02-10,"5-17",19
"342",2020-02-10,"18-49",21
"343",2020-02-10,"50-64",11
"344",2020-02-10,"65+",8
"345",2020-02-17,"<1",14
"346",2020-02-17,"1-4",8
"347",2020-02-17,"5-17",22
"348",2020-02-17,"18-49",30
"349",2020-02-17,"50-64",4
"350",2020-02-17,"65+",11
"351",2020-02-24,"<1",13
"352",2020-02-24,"1-4",23
"353",2020-02-24,"5-17",44
"354",2020-02-24,"18-49",69
"355",2020-02-24,"50-64",19
"356",2020-02-24,"65+",16
"357",2020-03-02,"<1",14
"358",2020-03-02,"1-4",19
"359",2020-03-02,"5-17",34
"360",2020-03-02,"18-49",58
"361",2020-03-02,"50-64",29
"362",2020-03-02,"65+",15
"363",2020-03-09,"<1",18
"364",2020-03-09,"1-4",30
"365",2020-03-09,"5-17",46
"366",2020-03-09,"18-49",77
"367",2020-03-09,"50-64",28
"368",2020-03-09,"65+",21
"369",2020-03-16,"<1",19
"370",2020-03-16,"1-4",34
"371",2020-03-16,"5-17",87
"372",2020-03-16,"18-49",179
"373",2020-03-16,"50-64",55
"374",2020-03-16,"65+",76
"375",2020-03-23,"<1",19
"376",2020-03-23,"1-4",19
"377",2020-03-23,"5-17",49
"378",2020-03-23,"18-49",105
"379",2020-03-23,"50-64",49
"380",2020-03-23,"65+",69
"381",2020-03-30,"<1",12
"382",2020-03-30,"1-4",12
"383",2020-03-30,"5-17",21
"384",2020-03-30,"18-49",43
"385",2020-03-30,"50-64",23
"386",2020-03-30,"65+",36
"387",2020-04-06,"<1",4
"388",2020-04-06,"1-4",3
"389",2020-04-06,"5-17",4
"390",2020-04-06,"18-49",15
"391",2020-04-06,"50-64",12
"392",2020-04-06,"65+",19
"393",2020-04-13,"<1",2
"394",2020-04-13,"1-4",2
"395",2020-04-13,"5-17",7
"396",2020-04-13,"18-49",10
"397",2020-04-13,"50-64",6
"398",2020-04-13,"65+",19
"399",2020-04-20,"1-4",2
"400",2020-04-20,"5-17",4
"401",2020-04-20,"18-49",4
"402",2020-04-20,"50-64",8
"403",2020-04-20,"65+",6
"404",2020-04-27,"<1",1
"405",2020-04-27,"5-17",1
"406",2020-04-27,"18-49",4
"407",2020-04-27,"50-64",4
"408",2020-04-27,"65+",5
"409",2020-05-04,"1-4",1
"410",2020-05-04,"18-49",8
"411",2020-05-04,"50-64",4
"412",2020-05-04,"65+",2
"413",2020-05-11,"1-4",1
"414",2020-05-11,"5-17",3
"415",2020-05-11,"18-49",9
"416",2020-05-11,"50-64",6
"417",2020-05-11,"65+",5
"418",2020-05-18,"5-17",2
"419",2020-05-18,"18-49",6
"420",2020-05-18,"50-64",3
"421",2020-05-18,"65+",7
"422",2020-05-25,"5-17",1
"423",2020-05-25,"50-64",1
"424",2020-05-25,"65+",7
"425",2020-06-01,"<1",2
"426",2020-06-01,"5-17",1
"427",2020-06-01,"18-49",4
"428",2020-06-01,"50-64",3
"429",2020-06-01,"65+",4
"430",2020-06-08,"1-4",2
"431",2020-06-08,"18-49",5
"432",2020-06-08,"50-64",6
"433",2020-06-08,"65+",7
"434",2020-06-15,"1-4",2
"435",2020-06-15,"5-17",1
"436",2020-06-15,"18-49",2
"437",2020-06-15,"50-64",2
"438",2020-06-15,"65+",7
"439",2020-06-22,"<1",1
"440",2020-06-22,"5-17",1
"441",2020-06-22,"18-49",3
"442",2020-06-22,"50-64",2
"443",2020-06-22,"65+",6
"444",2020-06-29,"1-4",1
"445",2020-06-29,"5-17",1
"446",2020-06-29,"18-49",5
"447",2020-06-29,"50-64",1
"448",2020-06-29,"65+",8
"449",2020-07-06,"5-17",1
"450",2020-07-06,"18-49",4
"451",2020-07-06,"65+",3
"452",2020-07-13,"<1",2
"453",2020-07-13,"1-4",2
"454",2020-07-13,"5-17",5
"455",2020-07-13,"18-49",2
"456",2020-07-13,"50-64",3
"457",2020-07-13,"65+",5
"458",2020-07-20,"1-4",2
"459",2020-07-20,"5-17",5
"460",2020-07-20,"18-49",2
"461",2020-07-20,"50-64",2
"462",2020-07-20,"65+",4
"463",2020-07-27,"<1",1
"464",2020-07-27,"5-17",1
"465",2020-07-27,"18-49",2
"466",2020-07-27,"50-64",2
"467",2020-07-27,"65+",3
"468",2020-08-03,"1-4",2
"469",2020-08-03,"5-17",1
"470",2020-08-03,"18-49",1
"471",2020-08-03,"65+",2
"472",2020-08-10,"<1",2
"473",2020-08-10,"1-4",1
"474",2020-08-10,"5-17",1
"475",2020-08-10,"18-49",5
"476",2020-08-10,"50-64",2
"477",2020-08-10,"65+",6
"478",2020-08-17,"1-4",1
"479",2020-08-17,"5-17",2
"480",2020-08-17,"18-49",8
"481",2020-08-17,"50-64",5
"482",2020-08-17,"65+",5
"483",2020-08-24,"1-4",2
"484",2020-08-24,"5-17",2
"485",2020-08-24,"18-49",2
"486",2020-08-24,"50-64",1
"487",2020-08-31,"5-17",2
"488",2020-08-31,"18-49",5
"489",2020-08-31,"50-64",3
"490",2020-08-31,"65+",5
"491",2020-09-07,"1-4",1
"492",2020-09-07,"18-49",1
"493",2020-09-07,"50-64",2
"494",2020-09-07,"65+",4
"495",2020-09-14,"1-4",2
"496",2020-09-14,"18-49",2
"497",2020-09-14,"50-64",4
"498",2020-09-14,"65+",4
"499",2020-09-21,"18-49",1
"500",2020-09-21,"50-64",1
"501",2020-09-21,"65+",4
"502",2020-09-28,"<1",1
"503",2020-09-28,"50-64",2
"504",2020-09-28,"65+",1
"505",2020-10-05,"<1",1
"506",2020-10-05,"18-49",2
"507",2020-10-05,"50-64",3
"508",2020-10-12,"1-4",1
"509",2020-10-12,"5-17",3
"510",2020-10-12,"18-49",4
"511",2020-10-12,"50-64",1
"512",2020-10-12,"65+",3
"513",2020-10-19,"<1",1
"514",2020-10-19,"1-4",1
"515",2020-10-19,"5-17",1
"516",2020-10-19,"18-49",1
"517",2020-10-19,"65+",2
"518",2020-10-26,"1-4",1
"519",2020-10-26,"18-49",2
"520",2020-10-26,"50-64",1
"521",2020-10-26,"65+",1
"522",2020-11-02,"<1",1
"523",2020-11-02,"18-49",1
"524",2020-11-02,"50-64",2
"525",2020-11-02,"65+",2
"526",2020-11-09,"5-17",1
"527",2020-11-09,"18-49",1
"528",2020-11-09,"50-64",1
"529",2020-11-09,"65+",1
"530",2020-11-16,"<1",1
"531",2020-11-16,"5-17",1
"532",2020-11-16,"18-49",6
"533",2020-11-16,"50-64",3
"534",2020-11-16,"65+",6
"535",2020-11-23,"18-49",3
"536",2020-11-23,"50-64",5
"537",2020-11-23,"65+",3
"538",2020-11-30,"5-17",3
"539",2020-11-30,"18-49",4
"540",2020-11-30,"50-64",1
"541",2020-11-30,"65+",5
"542",2020-12-07,"5-17",1
"543",2020-12-07,"18-49",1
"544",2020-12-07,"50-64",5
"545",2020-12-14,"<1",1
"546",2020-12-14,"5-17",1
"547",2020-12-14,"18-49",2
"548",2020-12-14,"65+",3
"549",2020-12-21,"5-17",1
"550",2020-12-21,"50-64",2
"551",2020-12-28,"<1",1
"552",2020-12-28,"1-4",1
"553",2020-12-28,"18-49",1
"554",2020-12-28,"50-64",2
"555",2020-12-28,"65+",8
"556",2021-01-04,"<1",1
"557",2021-01-04,"1-4",1
"558",2021-01-04,"18-49",6
"559",2021-01-04,"50-64",2
"560",2021-01-04,"65+",18
"561",2021-01-11,"1-4",1
"562",2021-01-11,"5-17",1
"563",2021-01-11,"18-49",7
"564",2021-01-11,"50-64",4
"565",2021-01-11,"65+",7
"566",2021-01-18,"18-49",4
"567",2021-01-18,"50-64",2
"568",2021-01-18,"65+",3
"569",2021-01-25,"18-49",2
"570",2021-01-25,"50-64",3
"571",2021-01-25,"65+",7
"572",2021-02-01,"5-17",1
"573",2021-02-01,"18-49",5
"574",2021-02-01,"50-64",4
"575",2021-02-01,"65+",4
"576",2021-02-08,"5-17",2
"577",2021-02-08,"18-49",3
"578",2021-02-08,"50-64",1
"579",2021-02-15,"<1",1
"580",2021-02-15,"5-17",2
"581",2021-02-15,"18-49",5
"582",2021-02-15,"50-64",4
"583",2021-02-15,"65+",3
"584",2021-02-22,"1-4",2
"585",2021-02-22,"5-17",2
"586",2021-02-22,"18-49",4
"587",2021-02-22,"50-64",3
"588",2021-02-22,"65+",3
"589",2021-03-01,"<1",3
"590",2021-03-01,"1-4",5
"591",2021-03-01,"5-17",3
"592",2021-03-01,"18-49",6
"593",2021-03-01,"50-64",3
"594",2021-03-01,"65+",2
"595",2021-03-08,"<1",1
"596",2021-03-08,"18-49",7
"597",2021-03-08,"50-64",4
"598",2021-03-08,"65+",4
"599",2021-03-15,"1-4",2
"600",2021-03-15,"5-17",1
"601",2021-03-15,"18-49",9
"602",2021-03-15,"50-64",5
"603",2021-03-15,"65+",7
"604",2021-03-22,"1-4",1
"605",2021-03-22,"5-17",2
"606",2021-03-22,"18-49",7
"607",2021-03-22,"50-64",5
"608",2021-03-22,"65+",3
"609",2021-03-29,"<1",1
"610",2021-03-29,"1-4",2
"611",2021-03-29,"5-17",2
"612",2021-03-29,"18-49",9
"613",2021-03-29,"50-64",4
"614",2021-03-29,"65+",10
"615",2021-04-05,"5-17",3
"616",2021-04-05,"18-49",4
"617",2021-04-05,"50-64",6
"618",2021-04-05,"65+",5
"619",2021-04-12,"<1",1
"620",2021-04-12,"1-4",1
"621",2021-04-12,"18-49",11
"622",2021-04-12,"50-64",9
"623",2021-04-12,"65+",9
"624",2021-04-19,"1-4",1
"625",2021-04-19,"5-17",1
"626",2021-04-19,"18-49",6
"627",2021-04-19,"50-64",5
"628",2021-04-19,"65+",4
"629",2021-04-26,"<1",1
"630",2021-04-26,"1-4",1
"631",2021-04-26,"5-17",2
"632",2021-04-26,"18-49",8
"633",2021-04-26,"50-64",8
"634",2021-04-26,"65+",12
"635",2021-05-03,"1-4",2
"636",2021-05-03,"5-17",1
"637",2021-05-03,"18-49",11
"638",2021-05-03,"50-64",8
"639",2021-05-03,"65+",7
"640",2021-05-10,"<1",1
"641",2021-05-10,"18-49",7
"642",2021-05-10,"50-64",7
"643",2021-05-10,"65+",5
"644",2021-05-17,"<1",1
"645",2021-05-17,"1-4",1
"646",2021-05-17,"5-17",1
"647",2021-05-17,"18-49",7
"648",2021-05-17,"50-64",9
"649",2021-05-17,"65+",8
"650",2021-05-24,"5-17",2
"651",2021-05-24,"18-49",10
"652",2021-05-24,"50-64",9
"653",2021-05-24,"65+",6
"654",2021-05-31,"1-4",2
"655",2021-05-31,"5-17",2
"656",2021-05-31,"18-49",11
"657",2021-05-31,"50-64",4
"658",2021-05-31,"65+",9
"659",2021-06-07,"<1",1
"660",2021-06-07,"1-4",1
"661",2021-06-07,"5-17",4
"662",2021-06-07,"18-49",8
"663",2021-06-07,"50-64",6
"664",2021-06-07,"65+",8
"665",2021-06-14,"<1",1
"666",2021-06-14,"5-17",1
"667",2021-06-14,"18-49",6
"668",2021-06-14,"50-64",7
"669",2021-06-14,"65+",6
"670",2021-06-21,"<1",2
"671",2021-06-21,"1-4",2
"672",2021-06-21,"18-49",11
"673",2021-06-21,"50-64",1
"674",2021-06-21,"65+",6
"675",2021-06-28,"1-4",2
"676",2021-06-28,"5-17",2
"677",2021-06-28,"18-49",6
"678",2021-06-28,"50-64",8
"679",2021-06-28,"65+",6
"680",2021-07-05,"<1",1
"681",2021-07-05,"5-17",1
"682",2021-07-05,"18-49",6
"683",2021-07-05,"50-64",5
"684",2021-07-05,"65+",8
"685",2021-07-12,"<1",5
"686",2021-07-12,"1-4",4
"687",2021-07-12,"5-17",3
"688",2021-07-12,"18-49",5
"689",2021-07-12,"50-64",2
"690",2021-07-12,"65+",5
"691",2021-07-19,"<1",1
"692",2021-07-19,"1-4",6
"693",2021-07-19,"5-17",2
"694",2021-07-19,"18-49",5
"695",2021-07-19,"50-64",2
"696",2021-07-19,"65+",6
"697",2021-07-26,"1-4",3
"698",2021-07-26,"5-17",1
"699",2021-07-26,"18-49",3
"700",2021-07-26,"50-64",3
"701",2021-07-26,"65+",2
"702",2021-08-02,"<1",1
"703",2021-08-02,"1-4",2
"704",2021-08-02,"5-17",5
"705",2021-08-02,"18-49",7
"706",2021-08-02,"50-64",2
"707",2021-08-02,"65+",7
"708",2021-08-09,"5-17",3
"709",2021-08-09,"18-49",3
"710",2021-08-09,"50-64",4
"711",2021-08-09,"65+",2
"712",2021-08-16,"1-4",1
"713",2021-08-16,"5-17",1
"714",2021-08-16,"18-49",6
"715",2021-08-16,"65+",8
"716",2021-08-23,"<1",1
"717",2021-08-23,"5-17",1
"718",2021-08-23,"18-49",1
"719",2021-08-23,"50-64",1
"720",2021-08-23,"65+",5
"721",2021-08-30,"1-4",3
"722",2021-08-30,"5-17",3
"723",2021-08-30,"18-49",1
"724",2021-08-30,"50-64",3
"725",2021-08-30,"65+",4
"726",2021-09-06,"1-4",1
"727",2021-09-06,"5-17",2
"728",2021-09-06,"18-49",2
"729",2021-09-06,"50-64",2
"730",2021-09-06,"65+",5
"731",2021-09-13,"1-4",2
"732",2021-09-13,"5-17",2
"733",2021-09-13,"18-49",2
"734",2021-09-13,"50-64",2
"735",2021-09-13,"65+",4
"736",2021-09-20,"<1",1
"737",2021-09-20,"18-49",4
"738",2021-09-20,"65+",5
"739",2021-09-27,"1-4",3
"740",2021-09-27,"5-17",2
"741",2021-09-27,"18-49",4
"742",2021-09-27,"50-64",3
"743",2021-09-27,"65+",4
"744",2021-10-04,"1-4",1
"745",2021-10-04,"5-17",5
"746",2021-10-04,"18-49",3
"747",2021-10-04,"50-64",3
"748",2021-10-04,"65+",6
"749",2021-10-11,"<1",1
"750",2021-10-11,"1-4",5
"751",2021-10-11,"5-17",3
"752",2021-10-11,"18-49",5
"753",2021-10-11,"50-64",3
"754",2021-10-11,"65+",6
"755",2021-10-18,"<1",4
"756",2021-10-18,"1-4",5
"757",2021-10-18,"5-17",6
"758",2021-10-18,"18-49",4
"759",2021-10-18,"50-64",4
"760",2021-10-18,"65+",4
"761",2021-10-25,"<1",3
"762",2021-10-25,"1-4",5
"763",2021-10-25,"5-17",4
"764",2021-10-25,"18-49",4
"765",2021-10-25,"50-64",4
"766",2021-10-25,"65+",5
"767",2021-11-01,"<1",3
"768",2021-11-01,"1-4",5
"769",2021-11-01,"5-17",9
"770",2021-11-01,"18-49",2
"771",2021-11-01,"65+",6
"772",2021-11-08,"<1",2
"773",2021-11-08,"1-4",1
"774",2021-11-08,"5-17",4
"775",2021-11-08,"18-49",6
"776",2021-11-08,"50-64",3
"777",2021-11-08,"65+",8
"778",2021-11-15,"<1",3
"779",2021-11-15,"1-4",5
"780",2021-11-15,"5-17",2
"781",2021-11-15,"18-49",4
"782",2021-11-15,"50-64",6
"783",2021-11-15,"65+",13
"784",2021-11-22,"<1",3
"785",2021-11-22,"1-4",9
"786",2021-11-22,"5-17",20
"787",2021-11-22,"18-49",37
"788",2021-11-22,"50-64",8
"789",2021-11-22,"65+",24
"790",2021-11-29,"<1",7
"791",2021-11-29,"1-4",31
"792",2021-11-29,"5-17",38
"793",2021-11-29,"18-49",128
"794",2021-11-29,"50-64",38
"795",2021-11-29,"65+",83
"796",2021-12-06,"<1",25
"797",2021-12-06,"1-4",40
"798",2021-12-06,"5-17",77
"799",2021-12-06,"18-49",253
"800",2021-12-06,"50-64",80
"801",2021-12-06,"65+",207
"802",2021-12-13,"<1",41
"803",2021-12-13,"1-4",84
"804",2021-12-13,"5-17",157
"805",2021-12-13,"18-49",610
"806",2021-12-13,"50-64",174
"807",2021-12-13,"65+",546
"808",2021-12-20,"<1",61
"809",2021-12-20,"1-4",107
"810",2021-12-20,"5-17",271
"811",2021-12-20,"18-49",862
"812",2021-12-20,"50-64",353
"813",2021-12-20,"65+",994
"814",2021-12-27,"<1",113
"815",2021-12-27,"1-4",177
"816",2021-12-27,"5-17",380
"817",2021-12-27,"18-49",1032
"818",2021-12-27,"50-64",505
"819",2021-12-27,"65+",1776
"820",2022-01-03,"<1",138
"821",2022-01-03,"1-4",250
"822",2022-01-03,"5-17",442
"823",2022-01-03,"18-49",772
"824",2022-01-03,"50-64",537
"825",2022-01-03,"65+",2084
"826",2022-01-10,"<1",83
"827",2022-01-10,"1-4",170
"828",2022-01-10,"5-17",235
"829",2022-01-10,"18-49",510
"830",2022-01-10,"50-64",350
"831",2022-01-10,"65+",1320
"832",2022-01-17,"<1",49
"833",2022-01-17,"1-4",56
"834",2022-01-17,"5-17",132
"835",2022-01-17,"18-49",176
"836",2022-01-17,"50-64",181
"837",2022-01-17,"65+",647
"838",2022-01-24,"<1",27
"839",2022-01-24,"1-4",28
"840",2022-01-24,"5-17",34
"841",2022-01-24,"18-49",100
"842",2022-01-24,"50-64",75
"843",2022-01-24,"65+",255
"844",2022-01-31,"<1",12
"845",2022-01-31,"1-4",15
"846",2022-01-31,"5-17",26
"847",2022-01-31,"18-49",56
"848",2022-01-31,"50-64",45
"849",2022-01-31,"65+",148
"850",2022-02-07,"<1",6
"851",2022-02-07,"1-4",16
"852",2022-02-07,"5-17",14
"853",2022-02-07,"18-49",33
"854",2022-02-07,"50-64",42
"855",2022-02-07,"65+",87
"856",2022-02-14,"<1",6
"857",2022-02-14,"1-4",15
"858",2022-02-14,"5-17",23
"859",2022-02-14,"18-49",25
"860",2022-02-14,"50-64",22
"861",2022-02-14,"65+",52
"862",2022-02-21,"<1",4
"863",2022-02-21,"1-4",14
"864",2022-02-21,"5-17",13
"865",2022-02-21,"18-49",27
"866",2022-02-21,"50-64",16
"867",2022-02-21,"65+",68
"868",2022-02-28,"1-4",10
"869",2022-02-28,"5-17",10
"870",2022-02-28,"18-49",8
"871",2022-02-28,"50-64",12
"872",2022-02-28,"65+",45
"873",2022-03-07,"<1",6
"874",2022-03-07,"1-4",11
"875",2022-03-07,"5-17",9
"876",2022-03-07,"18-49",10
"877",2022-03-07,"50-64",11
"878",2022-03-07,"65+",20
"879",2022-03-14,"<1",3
"880",2022-03-14,"1-4",9
"881",2022-03-14,"5-17",6
"882",2022-03-14,"18-49",9
"883",2022-03-14,"50-64",7
"884",2022-03-14,"65+",30
"885",2022-03-21,"<1",7
"886",2022-03-21,"1-4",16
"887",2022-03-21,"5-17",12
"888",2022-03-21,"18-49",4
"889",2022-03-21,"50-64",11
"890",2022-03-21,"65+",16
"891",2022-03-28,"<1",10
"892",2022-03-28,"1-4",19
"893",2022-03-28,"5-17",21
"894",2022-03-28,"18-49",9
"895",2022-03-28,"50-64",11
"896",2022-03-28,"65+",23
"897",2022-04-04,"<1",4
"898",2022-04-04,"1-4",6
"899",2022-04-04,"5-17",12
"900",2022-04-04,"18-49",8
"901",2022-04-04,"50-64",7
"902",2022-04-04,"65+",21
"903",2022-04-11,"<1",10
"904",2022-04-11,"1-4",7
"905",2022-04-11,"5-17",9
"906",2022-04-11,"18-49",5
"907",2022-04-11,"50-64",4
"908",2022-04-11,"65+",14
"909",2022-04-18,"<1",5
"910",2022-04-18,"1-4",17
"911",2022-04-18,"5-17",11
"912",2022-04-18,"18-49",12
"913",2022-04-18,"50-64",6
"914",2022-04-18,"65+",28
"915",2022-04-25,"<1",8
"916",2022-04-25,"1-4",15
"917",2022-04-25,"5-17",17
"918",2022-04-25,"18-49",18
"919",2022-04-25,"50-64",16
"920",2022-04-25,"65+",30
"921",2022-05-02,"<1",5
"922",2022-05-02,"1-4",10
"923",2022-05-02,"5-17",16
"924",2022-05-02,"18-49",23
"925",2022-05-02,"50-64",18
"926",2022-05-02,"65+",47
"927",2022-05-09,"<1",15
"928",2022-05-09,"1-4",10
"929",2022-05-09,"5-17",12
"930",2022-05-09,"18-49",11
"931",2022-05-09,"50-64",17
"932",2022-05-09,"65+",38
"933",2022-05-16,"<1",9
"934",2022-05-16,"1-4",12
"935",2022-05-16,"5-17",34
"936",2022-05-16,"18-49",46
"937",2022-05-16,"50-64",19
"938",2022-05-16,"65+",60
"939",2022-05-23,"<1",8
"940",2022-05-23,"1-4",21
"941",2022-05-23,"5-17",34
"942",2022-05-23,"18-49",24
"943",2022-05-23,"50-64",21
"944",2022-05-23,"65+",66
"945",2022-05-30,"<1",10
"946",2022-05-30,"1-4",22
"947",2022-05-30,"5-17",33
"948",2022-05-30,"18-49",34
"949",2022-05-30,"50-64",24
"950",2022-05-30,"65+",65
"951",2022-06-06,"<1",14
"952",2022-06-06,"1-4",23
"953",2022-06-06,"5-17",37
"954",2022-06-06,"18-49",42
"955",2022-06-06,"50-64",24
"956",2022-06-06,"65+",55
"957",2022-06-13,"<1",11
"958",2022-06-13,"1-4",24
"959",2022-06-13,"5-17",44
"960",2022-06-13,"18-49",30
"961",2022-06-13,"50-64",31
"962",2022-06-13,"65+",88
"963",2022-06-20,"<1",11
"964",2022-06-20,"1-4",29
"965",2022-06-20,"5-17",37
"966",2022-06-20,"18-49",31
"967",2022-06-20,"50-64",34
"968",2022-06-20,"65+",91
"969",2022-06-27,"<1",12
"970",2022-06-27,"1-4",22
"971",2022-06-27,"5-17",38
"972",2022-06-27,"18-49",24
"973",2022-06-27,"50-64",20
"974",2022-06-27,"65+",62
"975",2022-07-04,"<1",12
"976",2022-07-04,"1-4",23
"977",2022-07-04,"5-17",30
"978",2022-07-04,"18-49",19
"979",2022-07-04,"50-64",18
"980",2022-07-04,"65+",48
"981",2022-07-11,"<1",9
"982",2022-07-11,"1-4",12
"983",2022-07-11,"5-17",26
"984",2022-07-11,"18-49",30
"985",2022-07-11,"50-64",13
"986",2022-07-11,"65+",50
"987",2022-07-18,"<1",7
"988",2022-07-18,"1-4",16
"989",2022-07-18,"5-17",20
"990",2022-07-18,"18-49",8
"991",2022-07-18,"50-64",15
"992",2022-07-18,"65+",46
"993",2022-07-25,"<1",6
"994",2022-07-25,"1-4",10
"995",2022-07-25,"5-17",14
"996",2022-07-25,"18-49",11
"997",2022-07-25,"50-64",9
"998",2022-07-25,"65+",24
"999",2022-08-01,"<1",2
"1000",2022-08-01,"1-4",7
"1001",2022-08-01,"5-17",14
"1002",2022-08-01,"18-49",6
"1003",2022-08-01,"50-64",4
"1004",2022-08-01,"65+",20
"1005",2022-08-08,"<1",5
"1006",2022-08-08,"1-4",11
"1007",2022-08-08,"5-17",10
"1008",2022-08-08,"18-49",7
"1009",2022-08-08,"50-64",7
"1010",2022-08-08,"65+",15
"1011",2022-08-15,"<1",4
"1012",2022-08-15,"1-4",6
"1013",2022-08-15,"5-17",21
"1014",2022-08-15,"18-49",5
"1015",2022-08-15,"50-64",5
"1016",2022-08-15,"65+",19
"1017",2022-08-22,"<1",5
"1018",2022-08-22,"1-4",10
"1019",2022-08-22,"5-17",25
"1020",2022-08-22,"18-49",11
"1021",2022-08-22,"50-64",5
"1022",2022-08-22,"65+",27
"1023",2022-08-29,"<1",7
"1024",2022-08-29,"1-4",12
"1025",2022-08-29,"5-17",30
"1026",2022-08-29,"18-49",11
"1027",2022-08-29,"50-64",10
"1028",2022-08-29,"65+",27
"1029",2022-09-05,"<1",9
"1030",2022-09-05,"1-4",22
"1031",2022-09-05,"5-17",53
"1032",2022-09-05,"18-49",20
"1033",2022-09-05,"50-64",9
"1034",2022-09-05,"65+",33
"1035",2022-09-12,"<1",27
"1036",2022-09-12,"1-4",38
"1037",2022-09-12,"5-17",80
"1038",2022-09-12,"18-49",24
"1039",2022-09-12,"50-64",14
"1040",2022-09-12,"65+",63
"1041",2022-09-19,"<1",24
"1042",2022-09-19,"1-4",32
"1043",2022-09-19,"5-17",105
"1044",2022-09-19,"18-49",35
"1045",2022-09-19,"50-64",23
"1046",2022-09-19,"65+",71
"1047",2022-09-26,"<1",20
"1048",2022-09-26,"1-4",40
"1049",2022-09-26,"5-17",106
"1050",2022-09-26,"18-49",37
"1051",2022-09-26,"50-64",18
"1052",2022-09-26,"65+",66
"1053",2022-10-03,"<1",25
"1054",2022-10-03,"1-4",50
"1055",2022-10-03,"5-17",104
"1056",2022-10-03,"18-49",37
"1057",2022-10-03,"50-64",27
"1058",2022-10-03,"65+",81
"1059",2022-10-10,"<1",15
"1060",2022-10-10,"1-4",48
"1061",2022-10-10,"5-17",73
"1062",2022-10-10,"18-49",37
"1063",2022-10-10,"50-64",19
"1064",2022-10-10,"65+",57
"1065",2022-10-17,"<1",19
"1066",2022-10-17,"1-4",48
"1067",2022-10-17,"5-17",108
"1068",2022-10-17,"18-49",51
"1069",2022-10-17,"50-64",17
"1070",2022-10-17,"65+",67
"1071",2022-10-24,"<1",20
"1072",2022-10-24,"1-4",42
"1073",2022-10-24,"5-17",98
"1074",2022-10-24,"18-49",35
"1075",2022-10-24,"50-64",14
"1076",2022-10-24,"65+",48
"1077",2022-10-31,"<1",13
"1078",2022-10-31,"1-4",28
"1079",2022-10-31,"5-17",80
"1080",2022-10-31,"18-49",29
"1081",2022-10-31,"50-64",16
"1082",2022-10-31,"65+",43
"1083",2022-11-07,"<1",15
"1084",2022-11-07,"1-4",25
"1085",2022-11-07,"5-17",60
"1086",2022-11-07,"18-49",30
"1087",2022-11-07,"50-64",20
"1088",2022-11-07,"65+",39
"1089",2022-11-14,"<1",13
"1090",2022-11-14,"1-4",23
"1091",2022-11-14,"5-17",52
"1092",2022-11-14,"18-49",24
"1093",2022-11-14,"50-64",29
"1094",2022-11-14,"65+",44
"1095",2022-11-21,"<1",12
"1096",2022-11-21,"1-4",25
"1097",2022-11-21,"5-17",48
"1098",2022-11-21,"18-49",22
"1099",2022-11-21,"50-64",11
"1100",2022-11-21,"65+",41
"1101",2022-11-28,"<1",8
"1102",2022-11-28,"1-4",13
"1103",2022-11-28,"5-17",49
"1104",2022-11-28,"18-49",21
"1105",2022-11-28,"50-64",16
"1106",2022-11-28,"65+",32
"1107",2022-12-05,"<1",4
"1108",2022-12-05,"1-4",15
"1109",2022-12-05,"5-17",25
"1110",2022-12-05,"18-49",22
"1111",2022-12-05,"50-64",15
"1112",2022-12-05,"65+",21
"1113",2022-12-12,"<1",6
"1114",2022-12-12,"1-4",16
"1115",2022-12-12,"5-17",32
"1116",2022-12-12,"18-49",17
"1117",2022-12-12,"50-64",6
"1118",2022-12-12,"65+",18
"1119",2022-12-19,"<1",5
"1120",2022-12-19,"1-4",11
"1121",2022-12-19,"5-17",16
"1122",2022-12-19,"18-49",7
"1123",2022-12-19,"50-64",9
"1124",2022-12-19,"65+",18
"1125",2022-12-26,"<1",4
"1126",2022-12-26,"1-4",5
"1127",2022-12-26,"5-17",9
"1128",2022-12-26,"18-49",13
"1129",2022-12-26,"50-64",8
"1130",2022-12-26,"65+",28
"1131",2023-01-02,"<1",1
"1132",2023-01-02,"1-4",6
"1133",2023-01-02,"5-17",7
"1134",2023-01-02,"18-49",6
"1135",2023-01-02,"50-64",7
"1136",2023-01-02,"65+",19
"1137",2023-01-09,"<1",1
"1138",2023-01-09,"1-4",3
"1139",2023-01-09,"5-17",9
"1140",2023-01-09,"18-49",6
"1141",2023-01-09,"50-64",4
"1142",2023-01-09,"65+",13
"1143",2023-01-16,"<1",4
"1144",2023-01-16,"1-4",4
"1145",2023-01-16,"5-17",7
"1146",2023-01-16,"18-49",9
"1147",2023-01-16,"50-64",5
"1148",2023-01-16,"65+",6
"1149",2023-01-23,"<1",2
"1150",2023-01-23,"1-4",7
"1151",2023-01-23,"5-17",13
"1152",2023-01-23,"18-49",9
"1153",2023-01-23,"50-64",7
"1154",2023-01-23,"65+",4
"1155",2023-01-30,"<1",5
"1156",2023-01-30,"1-4",3
"1157",2023-01-30,"5-17",23
"1158",2023-01-30,"18-49",10
"1159",2023-01-30,"50-64",6
"1160",2023-01-30,"65+",11
"1161",2023-02-06,"<1",9
"1162",2023-02-06,"1-4",10
"1163",2023-02-06,"5-17",24
"1164",2023-02-06,"18-49",19
"1165",2023-02-06,"50-64",9
"1166",2023-02-06,"65+",11
"1167",2023-02-13,"<1",13
"1168",2023-02-13,"1-4",15
"1169",2023-02-13,"5-17",36
"1170",2023-02-13,"18-49",19
"1171",2023-02-13,"50-64",8
"1172",2023-02-13,"65+",16
"1173",2023-02-20,"<1",11
"1174",2023-02-20,"1-4",28
"1175",2023-02-20,"5-17",54
"1176",2023-02-20,"18-49",29
"1177",2023-02-20,"50-64",9
"1178",2023-02-20,"65+",16
"1179",2023-02-27,"<1",15
"1180",2023-02-27,"1-4",32
"1181",2023-02-27,"5-17",75
"1182",2023-02-27,"18-49",56
"1183",2023-02-27,"50-64",14
"1184",2023-02-27,"65+",25
"1185",2023-03-06,"<1",24
"1186",2023-03-06,"1-4",37
"1187",2023-03-06,"5-17",89
"1188",2023-03-06,"18-49",62
"1189",2023-03-06,"50-64",16
"1190",2023-03-06,"65+",25
"1191",2023-03-13,"<1",38
"1192",2023-03-13,"1-4",63
"1193",2023-03-13,"5-17",152
"1194",2023-03-13,"18-49",87
"1195",2023-03-13,"50-64",31
"1196",2023-03-13,"65+",32
"1197",2023-03-20,"<1",42
"1198",2023-03-20,"1-4",71
"1199",2023-03-20,"5-17",174
"1200",2023-03-20,"18-49",112
"1201",2023-03-20,"50-64",24
"1202",2023-03-20,"65+",67
"1203",2023-03-27,"<1",45
"1204",2023-03-27,"1-4",95
"1205",2023-03-27,"5-17",245
"1206",2023-03-27,"18-49",112
"1207",2023-03-27,"50-64",47
"1208",2023-03-27,"65+",79
"1209",2023-04-03,"<1",47
"1210",2023-04-03,"1-4",98
"1211",2023-04-03,"5-17",213
"1212",2023-04-03,"18-49",112
"1213",2023-04-03,"50-64",38
"1214",2023-04-03,"65+",67
"1215",2023-04-10,"<1",60
"1216",2023-04-10,"1-4",112
"1217",2023-04-10,"5-17",223
"1218",2023-04-10,"18-49",143
"1219",2023-04-10,"50-64",64
"1220",2023-04-10,"65+",124
"1221",2023-04-17,"<1",74
"1222",2023-04-17,"1-4",95
"1223",2023-04-17,"5-17",235
"1224",2023-04-17,"18-49",137
"1225",2023-04-17,"50-64",48
"1226",2023-04-17,"65+",114
"1227",2023-04-24,"<1",75
"1228",2023-04-24,"1-4",113
"1229",2023-04-24,"5-17",253
"1230",2023-04-24,"18-49",162
"1231",2023-04-24,"50-64",88
"1232",2023-04-24,"65+",178
"1233",2023-05-01,"<1",71
"1234",2023-05-01,"1-4",104
"1235",2023-05-01,"5-17",245
"1236",2023-05-01,"18-49",178
"1237",2023-05-01,"50-64",83
"1238",2023-05-01,"65+",167
"1239",2023-05-08,"<1",82
"1240",2023-05-08,"1-4",158
"1241",2023-05-08,"5-17",280
"1242",2023-05-08,"18-49",154
"1243",2023-05-08,"50-64",87
"1244",2023-05-08,"65+",205
"1245",2023-05-15,"<1",93
"1246",2023-05-15,"1-4",138
"1247",2023-05-15,"5-17",285
"1248",2023-05-15,"18-49",143
"1249",2023-05-15,"50-64",98
"1250",2023-05-15,"65+",202
"1251",2023-05-22,"<1",75
"1252",2023-05-22,"1-4",130
"1253",2023-05-22,"5-17",335
"1254",2023-05-22,"18-49",147
"1255",2023-05-22,"50-64",106
"1256",2023-05-22,"65+",219
"1257",2023-05-29,"<1",56
"1258",2023-05-29,"1-4",120
"1259",2023-05-29,"5-17",228
"1260",2023-05-29,"18-49",117
"1261",2023-05-29,"50-64",76
"1262",2023-05-29,"65+",204
"1263",2023-06-05,"<1",60
"1264",2023-06-05,"1-4",92
"1265",2023-06-05,"5-17",155
"1266",2023-06-05,"18-49",85
"1267",2023-06-05,"50-64",48
"1268",2023-06-05,"65+",141
"1269",2023-06-12,"<1",65
"1270",2023-06-12,"1-4",84
"1271",2023-06-12,"5-17",154
"1272",2023-06-12,"18-49",72
"1273",2023-06-12,"50-64",57
"1274",2023-06-12,"65+",122
"1275",2023-06-19,"<1",24
"1276",2023-06-19,"1-4",56
"1277",2023-06-19,"5-17",105
"1278",2023-06-19,"18-49",63
"1279",2023-06-19,"50-64",44
"1280",2023-06-19,"65+",106
"1281",2023-06-26,"<1",30
"1282",2023-06-26,"1-4",42
"1283",2023-06-26,"5-17",93
"1284",2023-06-26,"18-49",43
"1285",2023-06-26,"50-64",38
"1286",2023-06-26,"65+",63
"1287",2023-07-03,"<1",20
"1288",2023-07-03,"1-4",38
"1289",2023-07-03,"5-17",75
"1290",2023-07-03,"18-49",51
"1291",2023-07-03,"50-64",36
"1292",2023-07-03,"65+",47
"1293",2023-07-10,"<1",21
"1294",2023-07-10,"1-4",29
"1295",2023-07-10,"5-17",57
"1296",2023-07-10,"18-49",36
"1297",2023-07-10,"50-64",21
"1298",2023-07-10,"65+",48
"1299",2023-07-17,"<1",14
"1300",2023-07-17,"1-4",34
"1301",2023-07-17,"5-17",47
"1302",2023-07-17,"18-49",37
"1303",2023-07-17,"50-64",16
"1304",2023-07-17,"65+",37
"1305",2023-07-24,"<1",12
"1306",2023-07-24,"1-4",14
"1307",2023-07-24,"5-17",40
"1308",2023-07-24,"18-49",18
"1309",2023-07-24,"50-64",16
"1310",2023-07-24,"65+",32
"1311",2023-07-31,"<1",10
"1312",2023-07-31,"1-4",17
"1313",2023-07-31,"5-17",29
"1314",2023-07-31,"18-49",17
"1315",2023-07-31,"50-64",18
"1316",2023-07-31,"65+",24
"1317",2023-08-07,"<1",7
"1318",2023-08-07,"1-4",12
"1319",2023-08-07,"5-17",25
"1320",2023-08-07,"18-49",14
"1321",2023-08-07,"50-64",8
"1322",2023-08-07,"65+",11
"1323",2023-08-14,"<1",10
"1324",2023-08-14,"1-4",9
"1325",2023-08-14,"5-17",23
"1326",2023-08-14,"18-49",7
"1327",2023-08-14,"50-64",10
"1328",2023-08-14,"65+",12
"1329",2023-08-21,"<1",9
"1330",2023-08-21,"1-4",9
"1331",2023-08-21,"5-17",21
"1332",2023-08-21,"18-49",13
"1333",2023-08-21,"50-64",6
"1334",2023-08-21,"65+",11
"1335",2023-08-28,"<1",8
"1336",2023-08-28,"1-4",15
"1337",2023-08-28,"5-17",38
"1338",2023-08-28,"18-49",7
"1339",2023-08-28,"50-64",10
"1340",2023-08-28,"65+",11
"1341",2023-09-04,"<1",6
"1342",2023-09-04,"1-4",12
"1343",2023-09-04,"5-17",12
"1344",2023-09-04,"18-49",4
"1345",2023-09-04,"50-64",5
"1346",2023-09-04,"65+",8
"1347",2023-09-11,"<1",5
"1348",2023-09-11,"1-4",7
"1349",2023-09-11,"5-17",20
"1350",2023-09-11,"18-49",10
"1351",2023-09-11,"50-64",2
"1352",2023-09-11,"65+",8
"1353",2023-09-18,"<1",9
"1354",2023-09-18,"1-4",11
"1355",2023-09-18,"5-17",19
"1356",2023-09-18,"18-49",6
"1357",2023-09-18,"50-64",7
"1358",2023-09-18,"65+",8
"1359",2023-09-25,"<1",3
"1360",2023-09-25,"1-4",14
"1361",2023-09-25,"5-17",18
"1362",2023-09-25,"18-49",4
"1363",2023-09-25,"50-64",1
"1364",2023-09-25,"65+",5
"1365",2023-10-02,"<1",3
"1366",2023-10-02,"1-4",2
"1367",2023-10-02,"5-17",5
"1368",2023-10-02,"18-49",3
"1369",2023-10-02,"50-64",4
"1370",2023-10-02,"65+",9
"1371",2023-10-09,"<1",1
"1372",2023-10-09,"1-4",3
"1373",2023-10-09,"5-17",8
"1374",2023-10-09,"18-49",4
"1375",2023-10-09,"50-64",2
"1376",2023-10-09,"65+",9
"1377",2023-10-16,"<1",3
"1378",2023-10-16,"1-4",8
"1379",2023-10-16,"5-17",10
"1380",2023-10-16,"18-49",6
"1381",2023-10-16,"50-64",4
"1382",2023-10-16,"65+",5
"1383",2023-10-23,"<1",1
"1384",2023-10-23,"1-4",8
"1385",2023-10-23,"5-17",8
"1386",2023-10-23,"18-49",4
"1387",2023-10-23,"50-64",5
"1388",2023-10-23,"65+",5
"1389",2023-10-30,"<1",3
"1390",2023-10-30,"1-4",4
"1391",2023-10-30,"5-17",6
"1392",2023-10-30,"18-49",4
"1393",2023-10-30,"50-64",2
"1394",2023-10-30,"65+",9
"1395",2023-11-06,"<1",1
"1396",2023-11-06,"1-4",5
"1397",2023-11-06,"5-17",9
"1398",2023-11-06,"18-49",2
"1399",2023-11-06,"50-64",3
"1400",2023-11-06,"65+",15
"1401",2023-11-13,"<1",3
"1402",2023-11-13,"1-4",7
"1403",2023-11-13,"5-17",6
"1404",2023-11-13,"18-49",2
"1405",2023-11-13,"50-64",2
"1406",2023-11-13,"65+",6
"1407",2023-11-20,"<1",2
"1408",2023-11-20,"1-4",3
"1409",2023-11-20,"5-17",3
"1410",2023-11-20,"18-49",2
"1411",2023-11-20,"50-64",2
"1412",2023-11-20,"65+",4
"1413",2023-11-27,"<1",1
"1414",2023-11-27,"1-4",5
"1415",2023-11-27,"5-17",9
"1416",2023-11-27,"18-49",6
"1417",2023-11-27,"50-64",4
"1418",2023-11-27,"65+",6
"1419",2023-12-04,"<1",5
"1420",2023-12-04,"1-4",4
"1421",2023-12-04,"5-17",13
"1422",2023-12-04,"18-49",1
"1423",2023-12-04,"50-64",5
"1424",2023-12-04,"65+",6
"1425",2023-12-11,"<1",3
"1426",2023-12-11,"1-4",7
"1427",2023-12-11,"5-17",13
"1428",2023-12-11,"18-49",4
"1429",2023-12-11,"50-64",2
"1430",2023-12-11,"65+",10
"1431",2023-12-18,"<1",4
"1432",2023-12-18,"1-4",6
"1433",2023-12-18,"5-17",12
"1434",2023-12-18,"18-49",1
"1435",2023-12-18,"50-64",2
"1436",2023-12-18,"65+",8
"1437",2023-12-25,"<1",3
"1438",2023-12-25,"1-4",2
"1439",2023-12-25,"5-17",4
"1440",2023-12-25,"18-49",11
"1441",2023-12-25,"50-64",3
"1442",2023-12-25,"65+",15
"1443",2024-01-01,"<1",1
"1444",2024-01-01,"1-4",1
"1445",2024-01-01,"5-17",3
"1446",2024-01-01,"18-49",5
"1447",2024-01-01,"50-64",1
"1448",2024-01-01,"65+",6
"1449",2024-01-08,"5-17",1
"1450",2024-01-08,"18-49",1
